Description	GSE139871_GPL10558_s5_d4	GSE16250_GPL570_s3_d2	GSE34151_GPL10558_s4_d3	GSE63548_GPL10558_s6_d5	GSE83456_GPL10558_s1_d1	GSE83456_GPL10558_s2_d1	GSE132283_s20_d17	GSE132283_s21_d17	GSE141656_s8_d7	GSE143627_s17_d14	GSE143731_s23_d19	GSE148171_s14_d11	GSE148731_s11_d10	GSE148731_s12_d10	GSE148731_s13_d10	GSE164287_s24_d20	GSE165708_s28_d23	GSE174566_s15_d12	GSE183912_s22_d18	GSE193777_s9_d8	GSE198557_s16_d13	GSE211974_s7_d6	GSE236156_s25_d21	GSE256184_s26_d22	GSE256184_s27_d22	GSE64179_s18_d15	GSE64182_s19_d16	GSE84076_s10_d9	aggregated_microarray	aggregated_RNAseq
ISG15-protein conjugation	0	0	1.013501326405758	0.9534847925331064	0	1.4758638163473563	0.7711193673597232	1.9532620909602576	1.1666457035829847	2.3114890225427236	1.2794612682563442	0.8367401117991169	0	2.048276136551369	1.7739448902825292	1.3295557374595712	2.7311249121861243	0	2.3328258961030084	1.5165044027695345	1.0055598715076546	2.204908693260029	1.417843759665484	0	1.8445106022986035	1.1424399883367742	0.7273166236468114	0	1.3738827045609578	0.894859272412392
establishment of endothelial intestinal barrier	0	0	0.6670949362431093	0.6219267485249153	0	0	1.46121853864788	1.3146605247148968	1.8325138008745148	1.015229538335877	0.8778014810502902	1.7577805375298303	1.3129589781521411	1.364982915602703	1.6750850434590014	0.5054205819493268	0	1.7812115838753515	0.8961455528988476	1.6844879861518245	1.766968704421326	0.6295251418965139	2.113999801115255	0	1.3745016444070852	1.8044833222009935	1.3996641249418933	0	0.9565624786645074	0.894859272412392
negative regulation of ferroptosis	0	2.2360624589288487	0.8662046466174266	0	1.1639991675211798	0.970901133626266	1.7469244625976466	1.9532620909602576	1.9817599867956568	2.178387331534405	0	0.897623204543072	1.5904261457512314	1.9172244539752377	1.730142182404174	0	0.9108725545280748	0.6158500424127259	1.377490725945208	1.596095872907923	0	1.626005863236569	1.4958870062859366	2.213053795428419	1.4265999336156834	1.8407586027089784	1.8273959884114843	0.7474891062160137	1.357777065890794	0.894859272412392
negative regulation of viral genome replication	0	0.3935145854560341	0.4151641974137038	0.595427863850098	0	0.2919925084410942	0.6758087530475163	1.7241040489182584	0.5870751012422556	1.944980772845172	1.501175283881293	1.1801251375351864	0.3997592732626155	1.867611465322715	1.7739448902825292	1.3295557374595712	2.492572110661801	1.017121137103511	2.3328258961030084	1.3785623861988503	1.2963200452993788	2.013939122330827	1.1308983274856672	1.087263662020974	1.560618671737681	1.6523149182416788	0.9724188208577264	0.6058116051207584	1.0909182461339508	0.8777608698905
peptide antigen assembly with MHC class I protein complex	0	0	1.013501326405758	0	1.701404702788814	1.4758638163473563	0.7711193673597232	1.9532620909602576	1.1666457035829847	1.8175280483313592	0	0	0	1.834210757305894	1.1559260882605475	0	0	0	0	0.9396755401715372	1.0055598715076546	2.204908693260029	0	0	1.672753232968618	1.1424399883367742	1.2417084359969768	1.195664599180547	1.3738827045609578	0.894859272412392
phagosome-lysosome fusion	0	0	0	0	0	0	1.6654725500209226	1.5715859159074903	1.519201725219165	0.8806891765123687	0	2.2496041735787933	0	1.834210757305894	1.7739448902825292	0	0	0	0	1.8954348673179664	2.4783742601629153	1.5460036980231815	1.7910501196627893	1.3698492822016723	1.4682423112174676	1.1424399883367742	1.2417084359969768	0	0.3618082058354975	0.894859272412392
positive regulation of TORC2 signaling	0	0	0.5671703378410662	0	1.701404702788814	1.4758638163473563	0.7711193673597232	1.5715859159074903	1.1666457035829847	1.8175280483313592	0	1.7577805375298303	1.1591426978093498	1.834210757305894	1.7739448902825292	0	0	1.6108170564661368	0	2.3918263670988544	1.9797450704757371	0.9636639871418496	1.417843759665484	0	1.4682423112174676	1.758384956077056	0.7273166236468114	0	0.9565624786645074	0.894859272412392
positive regulation of interferon-alpha production	0	0	0.1877594707145716	0.6507701911067041	0	0	0.9323950868317464	1.6640827487440353	1.3656122976929037	1.5331256950103105	0.9144416899668428	1.5975714306638182	0	1.929750156074688	1.3541761193768904	0	2.1475375282442077	0.976026089640821	1.2553821868255952	1.6081481410170326	1.5473060242853007	1.6381152198834692	1.5077234050466424	0.9916117475836668	1.0774110304354187	1.3397685677309512	0.2479233191766576	0	0.8340101900270591	0.894859272412392
positive regulation of natural killer cell chemotaxis	0	1.9354774173999143	0.6670949362431093	0	0	0	1.8370779857996025	1.7410298322434716	1.9601430379966096	1.9919029799834744	0	0	2.3456622579142676	2.0088428337253053	1.9476073956669973	1.8688569958708088	1.5673838759974317	2.453008011896667	2.5122858667944574	0	0	1.7147883413760356	1.5827997675360668	0	0.5830837476425865	1.9317781822310451	2.046848354397864	0	1.3381456209624607	0.894859272412392
