metric,drug_name,median_min_score
CMAP_indivSig_TB_RNAseq,vemurafenib,-0.7835755865217547
CMAP_indivSig_TB_RNAseq,temsirolimus,-0.7579198725397083
CMAP_indivSig_TB_RNAseq,fostamatinib,-0.7404553350231324
CMAP_indivSig_TB_RNAseq,perphenazine,-0.7218311275199617
CMAP_indivSig_TB_RNAseq,vorinostat,-0.704421143932942
CMAP_indivSig_TB_RNAseq,panobinostat,-0.6916174790725387
CMAP_indivSig_TB_RNAseq,lovastatin,-0.6825759992406617
CMAP_indivSig_TB_RNAseq,sertraline,-0.6805100768238607
CMAP_indivSig_TB_RNAseq,itraconazole,-0.6705981853576299
CMAP_indivSig_TB_RNAseq,simvastatin,-0.6691647106348845
CMAP_indivSig_TB_RNAseq,dasatinib,-0.6629403973139456
CMAP_indivSig_TB_RNAseq,rosuvastatin,-0.6568257466531776
CMAP_indivSig_TB_RNAseq,raloxifene,-0.656209748625614
CMAP_indivSig_TB_RNAseq,atorvastatin,-0.6498352571502803
CMAP_indivSig_TB_RNAseq,brompheniramine,-0.6479240475849288
CMAP_indivSig_TB_RNAseq,tivozanib,-0.6419043908119323
CMAP_indivSig_TB_RNAseq,diclofenac,-0.6289428301220042
CMAP_indivSig_TB_RNAseq,naltrexone,-0.6286058842215672
CMAP_indivSig_TB_RNAseq,sirolimus,-0.627722960597503
CMAP_indivSig_TB_RNAseq,ketotifen,-0.6228138929275926
Cor_pearson_indivSig_TB_RNAseq,fostamatinib,-0.24941966997641707
Cor_pearson_indivSig_TB_RNAseq,tamoxifen,-0.2119848522041061
Cor_pearson_indivSig_TB_RNAseq,chloroquine,-0.19509223874864606
Cor_pearson_indivSig_TB_RNAseq,methoxsalen,-0.1823310111191307
Cor_pearson_indivSig_TB_RNAseq,treprostinil,-0.1822160432923548
Cor_pearson_indivSig_TB_RNAseq,nabumetone,-0.17716935046516558
Cor_pearson_indivSig_TB_RNAseq,verapamil,-0.1749333533873027
Cor_pearson_indivSig_TB_RNAseq,sorafenib,-0.17343957966713877
Cor_pearson_indivSig_TB_RNAseq,yohimbine,-0.17335396063414743
Cor_pearson_indivSig_TB_RNAseq,thalidomide,-0.17280228479046272
Cor_pearson_indivSig_TB_RNAseq,dasatinib,-0.17262602230454288
Cor_pearson_indivSig_TB_RNAseq,atorvastatin,-0.1720393401418403
Cor_pearson_indivSig_TB_RNAseq,rosuvastatin,-0.17142804511098464
Cor_pearson_indivSig_TB_RNAseq,chlorphenamine,-0.17081675216298786
Cor_pearson_indivSig_TB_RNAseq,temozolomide,-0.16961654850171093
Cor_pearson_indivSig_TB_RNAseq,dopamine,-0.16893171250129074
Cor_pearson_indivSig_TB_RNAseq,tubocurarine,-0.16844016687332874
Cor_pearson_indivSig_TB_RNAseq,estradiol,-0.1681573507303832
Cor_pearson_indivSig_TB_RNAseq,triamterene,-0.168098136713193
Cor_pearson_indivSig_TB_RNAseq,olanzapine,-0.1675538124946949
Cor_spearman_indivSig_TB_RNAseq,fostamatinib,-0.2652619349603778
Cor_spearman_indivSig_TB_RNAseq,thalidomide,-0.2182988593112004
Cor_spearman_indivSig_TB_RNAseq,tamoxifen,-0.20502525150389095
Cor_spearman_indivSig_TB_RNAseq,chloroquine,-0.20195561104992915
Cor_spearman_indivSig_TB_RNAseq,temozolomide,-0.20063308177790654
Cor_spearman_indivSig_TB_RNAseq,tolazamide,-0.1996812108590324
Cor_spearman_indivSig_TB_RNAseq,treprostinil,-0.1995207434214536
Cor_spearman_indivSig_TB_RNAseq,forskolin,-0.1950631190228011
Cor_spearman_indivSig_TB_RNAseq,dasatinib,-0.19500447332931686
Cor_spearman_indivSig_TB_RNAseq,imiquimod,-0.19487365131367662
Cor_spearman_indivSig_TB_RNAseq,chlorphenamine,-0.19268648857411977
Cor_spearman_indivSig_TB_RNAseq,nimodipine,-0.1873239517510572
Cor_spearman_indivSig_TB_RNAseq,valproic-acid,-0.18542003739737442
Cor_spearman_indivSig_TB_RNAseq,naltrexone,-0.18537582725241608
Cor_spearman_indivSig_TB_RNAseq,betamethasone,-0.18510795969109203
Cor_spearman_indivSig_TB_RNAseq,yohimbine,-0.18487683758560713
Cor_spearman_indivSig_TB_RNAseq,triamterene,-0.18431305285740235
Cor_spearman_indivSig_TB_RNAseq,ubenimex,-0.18391237130444352
Cor_spearman_indivSig_TB_RNAseq,betahistine,-0.1826606960282378
Cor_spearman_indivSig_TB_RNAseq,nicergoline,-0.18063916301402366
NCS_indivSig_TB_RNAseq,rosuvastatin,-1.330050562425496
NCS_indivSig_TB_RNAseq,temsirolimus,-1.3218665240241168
NCS_indivSig_TB_RNAseq,panobinostat,-1.3010120503192582
NCS_indivSig_TB_RNAseq,fostamatinib,-1.2906886969176479
NCS_indivSig_TB_RNAseq,lovastatin,-1.2847440430979093
NCS_indivSig_TB_RNAseq,sertraline,-1.2792192972324563
NCS_indivSig_TB_RNAseq,vemurafenib,-1.2605286026307887
NCS_indivSig_TB_RNAseq,perphenazine,-1.2477525257467685
NCS_indivSig_TB_RNAseq,itraconazole,-1.2412563925790394
NCS_indivSig_TB_RNAseq,resveratrol,-1.240331352411046
NCS_indivSig_TB_RNAseq,tivozanib,-1.236158467077702
NCS_indivSig_TB_RNAseq,forskolin,-1.2337904746223622
NCS_indivSig_TB_RNAseq,thiotepa,-1.2264120490652537
NCS_indivSig_TB_RNAseq,topotecan,-1.218861228884954
NCS_indivSig_TB_RNAseq,tamoxifen,-1.2183936533656756
NCS_indivSig_TB_RNAseq,naltrexone,-1.2129860156966434
NCS_indivSig_TB_RNAseq,chlorphenamine,-1.2107956556440689
NCS_indivSig_TB_RNAseq,phenazopyridine,-1.2091154465440643
NCS_indivSig_TB_RNAseq,papaverine,-1.2076512587101862
NCS_indivSig_TB_RNAseq,brompheniramine,-1.2067820517017438
Tau_indivSig_TB_RNAseq,temsirolimus,-94.89548226608892
Tau_indivSig_TB_RNAseq,vemurafenib,-94.40949112228503
Tau_indivSig_TB_RNAseq,topotecan,-93.16647919010124
Tau_indivSig_TB_RNAseq,tivozanib,-91.95419393218324
Tau_indivSig_TB_RNAseq,forskolin,-91.7825445636141
Tau_indivSig_TB_RNAseq,dilazep,-91.55207929667164
Tau_indivSig_TB_RNAseq,azaperone,-91.42294713160854
Tau_indivSig_TB_RNAseq,panobinostat,-91.16167231382065
Tau_indivSig_TB_RNAseq,fostamatinib,-90.79542051739728
Tau_indivSig_TB_RNAseq,phenazopyridine,-90.26842941229422
Tau_indivSig_TB_RNAseq,resveratrol,-90.23924968165343
Tau_indivSig_TB_RNAseq,disopyramide,-90.22359608862263
Tau_indivSig_TB_RNAseq,equol,-89.98298334299054
Tau_indivSig_TB_RNAseq,vorinostat,-89.56372968349017
Tau_indivSig_TB_RNAseq,ephedrine,-88.614416022209
Tau_indivSig_TB_RNAseq,dopamine,-88.46180192663746
Tau_indivSig_TB_RNAseq,treprostinil,-88.44349680170575
Tau_indivSig_TB_RNAseq,tianeptine,-88.42950624628199
Tau_indivSig_TB_RNAseq,itraconazole,-88.39647901422825
Tau_indivSig_TB_RNAseq,sertraline,-88.30879071842926
WCS_indivSig_TB_RNAseq,lovastatin,-0.42833856074376175
WCS_indivSig_TB_RNAseq,temsirolimus,-0.4283029589997759
WCS_indivSig_TB_RNAseq,tamoxifen,-0.41142516646979865
WCS_indivSig_TB_RNAseq,panobinostat,-0.40932077894228935
WCS_indivSig_TB_RNAseq,fluvastatin,-0.4031715814627576
WCS_indivSig_TB_RNAseq,rosuvastatin,-0.40201145290301554
WCS_indivSig_TB_RNAseq,vemurafenib,-0.40152985834796273
WCS_indivSig_TB_RNAseq,sertraline,-0.39990134770369495
WCS_indivSig_TB_RNAseq,atorvastatin,-0.39885362901862603
WCS_indivSig_TB_RNAseq,dasatinib,-0.39716510237790004
WCS_indivSig_TB_RNAseq,naltrexone,-0.394909078582554
WCS_indivSig_TB_RNAseq,nitrendipine,-0.3945486071139984
WCS_indivSig_TB_RNAseq,fostamatinib,-0.39361677423687325
WCS_indivSig_TB_RNAseq,nabumetone,-0.3935499152071851
WCS_indivSig_TB_RNAseq,perphenazine,-0.3932421890345603
WCS_indivSig_TB_RNAseq,resveratrol,-0.39240475196121527
WCS_indivSig_TB_RNAseq,papaverine,-0.3906594134864642
WCS_indivSig_TB_RNAseq,simvastatin,-0.39041490161440184
WCS_indivSig_TB_RNAseq,tivozanib,-0.38885322101588626
WCS_indivSig_TB_RNAseq,thiotepa,-0.3887687913265574
CMAP_indivSig_TB_microarray,crizotinib,-0.6657682256111105
CMAP_indivSig_TB_microarray,etoposide,-0.6603107217545692
CMAP_indivSig_TB_microarray,ingenol,-0.6417356098903354
CMAP_indivSig_TB_microarray,mycophenolic-acid,-0.6401229834514381
CMAP_indivSig_TB_microarray,fluspirilene,-0.6293558194181872
CMAP_indivSig_TB_microarray,podophyllotoxin,-0.6262747275902316
CMAP_indivSig_TB_microarray,tivozanib,-0.6247080584181697
CMAP_indivSig_TB_microarray,everolimus,-0.6103155766543473
CMAP_indivSig_TB_microarray,triflupromazine,-0.6029481852124308
CMAP_indivSig_TB_microarray,chlorprothixene,-0.6006533493861104
CMAP_indivSig_TB_microarray,trifluoperazine,-0.5986546341393446
CMAP_indivSig_TB_microarray,doxorubicin,-0.5958669627837707
CMAP_indivSig_TB_microarray,homatropine,-0.5940752554231206
CMAP_indivSig_TB_microarray,sirolimus,-0.592465779711314
CMAP_indivSig_TB_microarray,vorinostat,-0.5913182483065036
CMAP_indivSig_TB_microarray,citalopram,-0.5899557833735001
CMAP_indivSig_TB_microarray,bumetanide,-0.5894162296707446
CMAP_indivSig_TB_microarray,panobinostat,-0.5882819859833097
CMAP_indivSig_TB_microarray,meclofenamic-acid,-0.5853127608321056
CMAP_indivSig_TB_microarray,dasatinib,-0.5829072774289448
Cor_pearson_indivSig_TB_microarray,valsartan,-0.2532913582274783
Cor_pearson_indivSig_TB_microarray,flunarizine,-0.25128919822489426
Cor_pearson_indivSig_TB_microarray,clofibric-acid,-0.24905425411873902
Cor_pearson_indivSig_TB_microarray,meptazinol,-0.22522834716145762
Cor_pearson_indivSig_TB_microarray,resveratrol,-0.22329307754306166
Cor_pearson_indivSig_TB_microarray,irinotecan,-0.22231988256088014
Cor_pearson_indivSig_TB_microarray,quercetin,-0.22223998895883118
Cor_pearson_indivSig_TB_microarray,phenoxybenzamine,-0.214613530899934
Cor_pearson_indivSig_TB_microarray,nilutamide,-0.21080933209385283
Cor_pearson_indivSig_TB_microarray,diltiazem,-0.21072966764630996
Cor_pearson_indivSig_TB_microarray,piperidolate,-0.2065992208199227
Cor_pearson_indivSig_TB_microarray,yohimbine,-0.20583247224060325
Cor_pearson_indivSig_TB_microarray,nadolol,-0.20469467528996793
Cor_pearson_indivSig_TB_microarray,hesperidin,-0.20008936632622942
Cor_pearson_indivSig_TB_microarray,miglitol,-0.19989177871305697
Cor_pearson_indivSig_TB_microarray,cortisone,-0.1995214795213905
Cor_pearson_indivSig_TB_microarray,estradiol,-0.19872214676862027
Cor_pearson_indivSig_TB_microarray,methysergide,-0.19831833109122196
Cor_pearson_indivSig_TB_microarray,piretanide,-0.19753556814179402
Cor_pearson_indivSig_TB_microarray,oxybuprocaine,-0.19712669733767507
Cor_spearman_indivSig_TB_microarray,flunarizine,-0.23334326301724562
Cor_spearman_indivSig_TB_microarray,tamibarotene,-0.21006133252846815
Cor_spearman_indivSig_TB_microarray,valsartan,-0.20256674356501958
Cor_spearman_indivSig_TB_microarray,forskolin,-0.2009069399959436
Cor_spearman_indivSig_TB_microarray,imiquimod,-0.20021967409422328
Cor_spearman_indivSig_TB_microarray,warfarin,-0.19802086929029092
Cor_spearman_indivSig_TB_microarray,primidone,-0.1969678779803902
Cor_spearman_indivSig_TB_microarray,clemastine,-0.19432118544803603
Cor_spearman_indivSig_TB_microarray,phenoxybenzamine,-0.194178382494471
Cor_spearman_indivSig_TB_microarray,mexiletine,-0.19288791487224724
Cor_spearman_indivSig_TB_microarray,masitinib,-0.19124775879750244
Cor_spearman_indivSig_TB_microarray,dexamethasone,-0.18935845184728492
Cor_spearman_indivSig_TB_microarray,chlorpromazine,-0.18729905469327415
Cor_spearman_indivSig_TB_microarray,midostaurin,-0.18643645038882656
Cor_spearman_indivSig_TB_microarray,dosulepin,-0.184734163686473
Cor_spearman_indivSig_TB_microarray,mestranol,-0.18377266974276357
Cor_spearman_indivSig_TB_microarray,carbinoxamine,-0.18185341044402092
Cor_spearman_indivSig_TB_microarray,curcumin,-0.1817111965867083
Cor_spearman_indivSig_TB_microarray,fluoxetine,-0.18101622177284787
Cor_spearman_indivSig_TB_microarray,albendazole,-0.18049704930543825
NCS_indivSig_TB_microarray,panobinostat,-1.3265403010620935
NCS_indivSig_TB_microarray,paclitaxel,-1.3232784799673936
NCS_indivSig_TB_microarray,vincristine,-1.3097853122478895
NCS_indivSig_TB_microarray,ingenol,-1.2984393792727005
NCS_indivSig_TB_microarray,diltiazem,-1.2808530177423523
NCS_indivSig_TB_microarray,vorinostat,-1.278524859704762
NCS_indivSig_TB_microarray,oxibendazole,-1.2729178548673419
NCS_indivSig_TB_microarray,meclofenamic-acid,-1.2700546988247359
NCS_indivSig_TB_microarray,vinblastine,-1.2685450205059419
NCS_indivSig_TB_microarray,everolimus,-1.239546155868366
NCS_indivSig_TB_microarray,clemastine,-1.238741448931096
NCS_indivSig_TB_microarray,trifluoperazine,-1.236915130438597
NCS_indivSig_TB_microarray,bepridil,-1.2328418291710697
NCS_indivSig_TB_microarray,tivozanib,-1.2269218582508588
NCS_indivSig_TB_microarray,crizotinib,-1.2243082908038314
NCS_indivSig_TB_microarray,danazol,-1.219005259059869
NCS_indivSig_TB_microarray,topotecan,-1.218517652829838
NCS_indivSig_TB_microarray,midostaurin,-1.2166101026216034
NCS_indivSig_TB_microarray,carbetocin,-1.2111900126542574
NCS_indivSig_TB_microarray,clozapine,-1.2110482046941655
Tau_indivSig_TB_microarray,panobinostat,-93.46815626286735
Tau_indivSig_TB_microarray,vincristine,-93.208746618274
Tau_indivSig_TB_microarray,vorinostat,-92.97626495410032
Tau_indivSig_TB_microarray,diltiazem,-92.20494160790878
Tau_indivSig_TB_microarray,clemastine,-92.1233733178249
Tau_indivSig_TB_microarray,valsartan,-91.78852643419572
Tau_indivSig_TB_microarray,bepridil,-91.02982272769356
Tau_indivSig_TB_microarray,trifluoperazine,-90.09288236238163
Tau_indivSig_TB_microarray,nitrendipine,-89.91960927071956
Tau_indivSig_TB_microarray,danazol,-89.64752848659927
Tau_indivSig_TB_microarray,ketoprofen,-89.3816631130064
Tau_indivSig_TB_microarray,oxibendazole,-89.21023973028866
Tau_indivSig_TB_microarray,paclitaxel,-89.18129375509469
Tau_indivSig_TB_microarray,phentolamine,-89.10829666554594
Tau_indivSig_TB_microarray,primidone,-88.9479278049447
Tau_indivSig_TB_microarray,estradiol,-88.915728203984
Tau_indivSig_TB_microarray,meclofenamic-acid,-88.48990717924492
Tau_indivSig_TB_microarray,naftopidil,-88.22501487209993
Tau_indivSig_TB_microarray,albendazole,-88.10998847412255
Tau_indivSig_TB_microarray,pirenzepine,-87.22192608386638
WCS_indivSig_TB_microarray,fludroxycortide,-0.4216355686168939
WCS_indivSig_TB_microarray,clemastine,-0.42017872680805113
WCS_indivSig_TB_microarray,clomifene,-0.4173549163452904
WCS_indivSig_TB_microarray,vincristine,-0.41613003309942276
WCS_indivSig_TB_microarray,panobinostat,-0.4150249847756682
WCS_indivSig_TB_microarray,diltiazem,-0.41310599843843243
WCS_indivSig_TB_microarray,tamoxifen,-0.41000540688386056
WCS_indivSig_TB_microarray,meclofenamic-acid,-0.40915454937545404
WCS_indivSig_TB_microarray,nicergoline,-0.40884516509098023
WCS_indivSig_TB_microarray,pinacidil,-0.40512135261808635
WCS_indivSig_TB_microarray,everolimus,-0.40473378629269646
WCS_indivSig_TB_microarray,triflupromazine,-0.4034098043898337
WCS_indivSig_TB_microarray,raltitrexed,-0.40202964455715534
WCS_indivSig_TB_microarray,menadione,-0.4014377200092973
WCS_indivSig_TB_microarray,mycophenolate-mofetil,-0.3998334714019347
WCS_indivSig_TB_microarray,cabergoline,-0.39878614604809615
WCS_indivSig_TB_microarray,vorinostat,-0.3985203964715577
WCS_indivSig_TB_microarray,danazol,-0.39704679907084883
WCS_indivSig_TB_microarray,cimetidine,-0.39413525445214603
WCS_indivSig_TB_microarray,ibudilast,-0.39367810182399204
