GeneID	GSE84076_MTB_control_blood_dn.tsv	GSE148171_MTB_control_blood_PBMC_dn.tsv	GSE198557_MTB_control_blood_PBMC_dn.tsv	GSE132283_MTB_control_2h_blood_macrophage_dn.tsv	GSE132283_MTB_control_48h_blood_macrophage_dn.tsv	GSE143627_MTB_control_PBMC_macrophage_dn.tsv	GSE148731_MTB_4h_blood_CD14plus_monocyte_derived_macrophages_MF1_dn.tsv	GSE148731_MTB_24h_blood_CD14plus_monocyte_derived_macrophages_MF2_dn.tsv	GSE148731_MTB_24h_blood_CD14plus_monocyte_derived_macrophages_MF1_dn.tsv	GSE174566_MTB_control_blood_PBMC_dn.tsv	GSE193777_MTB_control_blood_dn.tsv	GSE256184_MTB_control_0h_HEPG2_HepG2_dn.tsv	GSE256184_MTB_4control_48h_HEPG2_HepG2_dn.tsv	GSE64179_MTB_control_blood_dendritic_cells_dn.tsv	GSE64182_MTB_control_blood_dendritic_cells_dn.tsv	GSE141656_MTB_control_blood_blood_dn.tsv	GSE143731_MTB_control_blood_monocyte_derived_macrophages_dn.tsv	GSE164287_MTB_control_blood_monocyte_derived_macrophages_dn.tsv	GSE165708_MTB_control_BAL_bronchoalveolar_lavage_dn.tsv	GSE183912_MTB_control_blood_marcophages_dn.tsv	GSE211974_MTB_control_blood_THP-1_dn.tsv	GSE236156_MTB_control_blood_monocyte_derived_macrophage_dn.tsv
10007	0	0	0	0	-0.365780652045361	0	0	0	0	0	0	0	-0.32835734716365983	0	0	0	0	0	0	0	0	0
1001	0	0	0	0	0	0	0	0	0	0	0	0	0	0	0	0	0	0	0	0	0	0
10013	0	0	0	0	0	0	0	-0.23942373079344495	0	0	0	0	0	0	0	0	0	0	0	0	0	-0.343753775928915
10038	0	0	0	-0.9528684948572947	0	0	0	-0.3817816476262568	0	0	0	0	0	-1.014212650213173	0	-0.9372822373800848	0	0	0	0	0	0
10046	0	0	0	0	0	0	0	0	0	0	0	0	0	0	0	0	0	0	0	0	0	0
10049	0	0	0	0	0	0	0	0	0	0	0	0	0	0	0	0	0	0	0	0	0	0
10051	0	0	0	-0.5673664357707109	0	-1.1331057338541142	0	0	0	0	-0.7425337939394069	0	-0.2096821275014177	0	-0.870485998518507	-0.5281323929181942	0	0	0	0	0	0
10057	0	0	0	-1.0545680743989092	-2.03460678909253	-0.988001156951142	0	-1.9011071116726468	-0.4328719948508495	-0.8121781038349319	0	-0.4758997776711158	-0.5298961750963858	-1.2551774324387714	-1.502854879899041	-1.3524639615705023	0	0	0	0	0	-1.8399963956886909
10058	0	0	0	0	0	0	0	0	0	0	0	-0.22935575050981097	-0.34877773975248766	0	-1.529505400964366	0	0	0	0	0	0	0
10059	0	0	0	0	0	0	0	0	0	0	-0.4281839387422857	0	0	0	0	0	0	0	0	0	0	0
10099	0	0	0	0	0	0	0	0	0	0	-0.40362422583279617	-0.20656123145934732	0	0	0	0	0	0	0	0	0	0
10112	0	0	0	0	-1.3921473679393173	-2.839418986304637	0	0	-1.641872802615979	0	0	0	-0.4529741547747615	0	0	0	0	0	0	0	0	0
10123	0	0	0	-1.2667079409404756	0	0	0	-3.266545696340443	0	-0.44910481958137694	-0.8438396062863678	0	0	0	0	-1.969188139365812	0	0	0	0	0	0
10131	0	-1.403269888326625	0	0	0	0	0	0	0	0	0	0	-0.39701861724705073	-0.5619401194113735	0	0	0	0	0	0	0	0
10146	0	0	0	0	0	0	0	0	0	0	-0.5231437106202392	0	-0.4237989972026099	0	0	0	0	0	0	0	0	0
10150	0	0	0	-1.449459618091997	-1.0459063983370656	0	0	0	0	-0.6055599564603783	-0.6511363094401413	0	0	0	-1.4794717090142044	-1.9003134201013143	0	0	0	0	0	-0.9439999970091332
10153	0	0	0	0	0	0	0	0	0	0	-0.6437093848608205	0	0	-0.3649764236442002	0	0	0	0	0	0	0	0
10165	0	0	0	0	0	0	0	0	0	0	0	0	-0.4279458153263216	0	0	0	0	0	0	0	0	0
1017	0	0	0	0	0	-0.7958645748552783	0	0	0	0	0	0	0	0	0	0	0	0	0	0	0	0
10174	0	0	0	0	0	0	0	-1.00821164069416	0	-0.6500566343587513	0	0	0	-0.5996948432088034	-0.6455610232271607	0	0	0	0	0	0	-0.8809456075628396
10180	0	-1.0473997654785514	-0.8125349944525327	0	0	0	0	-0.459877271684484	0	0	0	0	0	0	0	0	0	0	0	0	0	0
1019	0	-1.00909162405855	0	0	0	0	0	-0.218398110877572	-0.2178802573389565	0	0	0	0	0	0	0	0	0	0	0	0	0
10190	0	0	0	0	0	0	0	0	0	0	0	0	0	0	0	0	0	0	0	0	0	0
102	0	0	0	0	-0.7333330779844293	0	0	0	-0.2964771725519716	0	0	0	0	0	-1.072846375929629	-0.4922261122916796	0	0	0	0	0	0
10206	0	0	0	0	0	0	0	0	0	0	-0.480498340731781	0	-0.4774342604540386	0	0	0	0	0	0	0	0	0
1021	0	0	0	0	-1.1263559966276988	0	0	-1.2383599217223498	0	0	-0.5061990068203767	0	0	0	0	0	0	0	0	0	-0.3102968164588915	0
1022	0	0	0	0	0	0	0	0	0	0	0	0	0	0	0	0	0	0	0	0	0	0
10221	0	0	0	0	-1.064935694745374	0	0	0	-0.3487677677212214	0	0	0	0	0	0	0	0	0	0	0	0	0
10227	0	0	0	0	0	0	0	0	0	0	0	-0.49533578448306737	-0.25374759854598694	0	0	0	0	0	0	0	0	0
10237	0	0	0	0	0	0	0	0	0	0	0	0	0	-0.4351554852724256	0	0	0	0	0	0	0	0
10245	0	0	0	0	0	0	0	0	0	0	0	0	0	0	0	0	0	0	0	0	0	0
1026	0	0	0	0	0	0	0	0	0	0	0	0	0	0	0	0	0	0	0	0	0	0
1027	0	0	0	-0.7984928847187391	0	0	0	0	0	0	0	0	0	0	0	-0.8692662546331239	0	0	0	0	0	0
10270	0	0	0	0	0	0	0	0	0	0	0	0	0	0	0	0	0	0	0	0	0	0
10273	0	0	0	0	0	0	0	0	0	0	0	0	0	-0.7994649748896351	0	0	0	-0.5087821771832692	0	0	0	0
10276	0	0	0	0	0	0	0	0	0	0	0	0	0	0	0	0	0	0	0	0	0	0
10285	0	0	0	0	0	0	0	0	0	0	0	0	0	0	0	0	0	0	0	0	0	0
1029	0	0	0	0	0	0	0	0	0	0	0	0	0	0	0	0	0	0	0	0	0	0
10298	0	0	0	0	0	0	0	0	0	0	0	0	0	0	0	0	0	0	0	0	0	0
10318	0	0	0	0	0	0	0	0	0	0	0	0	0	0	0	0	0	0	0	0	0	0
10320	0	0	0	0	0	-0.34425890889942773	0	-0.8269828190095995	0	0	0	0	0	0	0	0	0	0	0	0	0	-0.3167506734072048
10329	0	0	0	0	-0.619480202405094	0	0	0	0	0	-0.4799872651074603	0	-0.4543692295602882	0	0	0	0	0	0	0	0	0
10362	0	0	0	0	0	0	0	0	0	0	0	0	0	0	0	0	0	0	0	0	0	0
10398	0	0	0	0	0	0	0	0	0	0	0	0	0	0	0	0	0	0	0	0	-0.2407770190562772	0
10434	0	0	0	0	0	0	0	0	0	0	0	0	-0.3310821911574075	0	0	0	0	-0.4141748141185273	0	0	0	0
10450	0	0	0	0	-0.44170405621149184	0	0	-0.3004234558082431	0	0	0	0	0	-0.5252366793260378	0	0	0	0	0	0	0	-0.27181390505643366
10451	0	0	0	0	0	0	0	0	0	0	0	0	-2.217233951950782	0	0	0	0	0	0	0	0	-0.5463968019936657
10489	0	0	0	0	0	0	0	0	0	0	0	0	0	0	0	0	0	0	0	0	0	0
10491	0	0	0	0	-1.1876805965252326	0	0	-1.3658885829600875	0	-0.6376192563972848	0	0	0	-0.9141551965884104	-1.0875360875178313	-0.7121015654092495	0	0	0	0	0	0
10493	0	0	0	0	-0.6600533282536754	0	0	-0.5417859859693296	-0.2927250578324488	-1.1292973107378266	0	0	0	0	0	0	0	-1.0893448283083846	0	0	0	0
10494	0	-0.7169668094061586	0	0	0	0	0	0	-0.3296830167541927	0	0	-0.1501566594069094	-0.43290678553737566	0	0	0	0	0	0	0	0	0
1050	0	0	0	-1.4720823306544677	-1.905151544341048	0	0	-1.8690422851793445	0	0	0	-0.9638126502583104	-1.2436188253928453	-2.6237241921130408	0	-2.809512256964396	0	-1.985708010113724	0	0	-0.7649148174356749	-2.1216856510900075
10513	0	0	0	0	0	0	0	0	0	-0.22422162195671863	0	0	0	0	0	0	0	0	0	0	0	-0.5073262894972381
1052	0	0	0	0	0	0	0	-2.4318576470432998	0	0	0	0	0	0	0	-0.7457147972669137	0	0	0	0	0	0
10523	0	0	0	0	0	0	0	0	0	0	0	-0.3091776366724178	-0.1270576974583843	0	0	0	0	0	0	0	0	0
10525	0	0	0	0	0	0	0	0	0	0	0	0	0	0	0	0	0	0	0	0	0	0
10557	0	0	0	0	0	0	0	0	0	0	0	0	0	0	0	0	0	0	0	0	0	0
10559	0	0	0	0	0	0	0	-0.5405006721877842	0	-0.40934646340281744	0	0	0	-0.6884052116067624	-1.026520839478174	-1.6208130668997325	0	-0.786734778184563	0	0	0	-0.774716950109282
10589	0	0	0	0	0	0	0	0	0	0	0	0	0	-1.5243344756791015	0	0	0	0	0	0	0	0
10606	0	0	0	0	0	0	0	-0.5812615370917739	0	0	-0.4795095035085369	0	-0.1972064949971426	0	0	0	0	0	0	0	0	0
10610	0	0	0	0	-2.102762789363516	0	0	0	0	0	0	-0.9371094581120788	0	-1.1809233439658895	0	0	0	0	0	0	0	0
10617	0	0	0	0	0	0	0	0	0	0	0	0	0	0	0	0	0	0	0	0	0	0
1062	0	0	0	0	-0.4798855138863231	-1.988872000248592	0	-0.9711443033157072	-0.9128721393980034	0	0	0	0	0	-2.183863250285094	-0.9917816696300996	0	0	0	0	0	0
10641	0	0	0	-0.6601419555008767	-0.7365679438511198	0	0	0	0	-0.2597701406651467	0	0	-0.7071599060093808	-0.9636763399967488	0	-1.4646045093209663	0	0	0	0	0	-0.96311473742177
10644	0	0	0	0	0	0	0	0	0	0	0	0	0	-0.8153875769434805	0	0	0	0	0	0	0	0
10652	0	0	0	0	0	0	0	0	-0.15516599290574734	0	0	0	0	0	0	0	0	0	0	0	0	0
10668	0	0	0	0	0	0	0	0	0	0	0	0	0	0	0	0	0	0	0	0	0	0
10670	0	0	0	0	0	0	0	0	0	0	0	0	0	0	0	0	0	0	0	0	0	0
10681	0	0	0	0	0	0	0	0	-0.42196622286211016	0	-0.4231977757870564	0	-0.16977172203731383	0	0	0	0	0	0	0	0	0
10682	0	0	0	0	0	0	0	0	0	0	0	0	0	0	0	0	0	0	0	0	0	0
10695	0	0	0	0	-0.2841083332026181	0	0	-0.7703654982422097	0	-0.3978873402368968	0	0	0	-1.1545478851392927	-0.811343064168961	-0.5655067904344122	0	0	0	0	0	-0.39779381207581527
1070	0	-1.3769433056751097	0	0	-0.7184466752994703	0	0	0	0	0	0	0	0	-0.5973921977423853	0	0	0	0	0	0	0	0
10730	0	0	0	0	0	0	0	0	0	0	0	0	0	0	0	0	0	0	0	0	0	0
10732	0	0	0	0	0	0	0	0	0	0	0	-0.20332937233833973	-0.5484791897074596	0	0	-0.9059161988116164	0	0	0	0	0	0
10765	0	0	0	0	-0.4519940315863687	0	0	0	0	0	0	-0.2808096984423284	0	0	0	0	0	0	0	0	0	0
10775	0	0	0	0	0	0	0	0	0	0	0	0	0	0	0	0	0	0	0	0	0	0
10776	0	0	0	0	-0.20600008329300695	0	0	0	-0.17416107196534006	0	-0.3765454550508477	0	-0.4851666305397843	0	0	0	0	0	0	0	0	0
10782	0	0	0	0	0	0	0	0	0	-0.23953720783826565	0	0	0	0	0	0	0	0	0	0	0	0
10797	0	0	0	0	0	0	0	0	0	0	0	0	0	0	0	0	0	0	0	0	0	0
10810	0	0	0	0	-2.1356278875832357	0	0	0	0	0	0	0	0	0	0	0	0	0	0	0	0	0
10813	0	0	0	0	0	0	0	0	0	0	0	0	0	-0.5576936664070404	0	0	0	0	0	0	0	0
10818	0	0	0	0	0	0	0	0	0	0	0	0	0	0	0	0	0	0	0	0	0	0
10845	0	0	0	0	0	0	0	0	0	0	0	0	0	0	0	-0.5784535575945363	0	0	0	0	0	0
10857	0	0	0	0	-0.25847949439034684	0	0	0	0	0	0	0	0	0	0	0	0	0	0	0	0	0
10892	0	0	0	0	0	0	0	0	0	0	-0.6678724412226494	0	-0.3291836680563081	0	0	0	0	0	0	0	0	0
10898	0	0	0	0	0	0	0	0	0	0	-0.3369292233672163	0	-0.21606151717224695	-0.5538739695195178	0	0	0	0	0	0	0	-0.48394245188146096
10904	0	0	0	0	0	0	0	0	0	-0.2243141609731752	0	-0.17400916142316714	-0.43659645880662906	-1.2148884902615065	0	0	0	-0.9527767241547104	0	0	0	-0.6529172864163731
10915	0	0	0	0	0	0	0	0	0	0	0	0	-0.34287913520539554	0	0	0	0	0	0	0	0	0
10921	0	0	0	0	0	0	0	0	0	0	0	-0.17127267839235477	0	0	0	0	0	0	0	0	0	0
10953	0	0	0	0	0	0	0	0	0	0	0	0	0	0	0	0	0	0	0	0	0	0
10954	0	0	0	0	0	0	0	-0.733956687426301	0	0	0	0	0	0	0	0	0	0	0	0	0	0
10962	0	0	0	0	0	0	0	0	0	0	0	0	-0.9482815575124436	0	0	0	0	0	0	0	0	0
10969	0	0	0	0	-0.7330669195097341	0	0	0	0	0	0	0	0	-0.9380936730541	0	0	0	0	0	0	0	0
10972	0	0	0	0	0	0	0	0	0	0	0	0	0	0	0	0	0	0	0	0	0	0
10973	0	0	0	0	-0.23205109547888764	0	0	0	0	0	0	0	-0.3308072372674888	0	0	0	0	0	0	0	0	0
11000	0	0	0	0	0	0	0	0	0	0	0	0	0	-2.9143470429579503	0	0	0	0	0	0	0	0
11004	0	0	0	0	-1.6387642249486176	-2.3278560163498034	0	-2.036752928519987	-1.3283304399835587	0	0	0	0	0	0	0	0	0	0	0	0	0
11007	0	0	0	0	0	0	0	-1.0431236832836868	0	0	0	0	0	-2.633653313415348	0	0	0	0	0	0	0	-0.6890804642348983
11011	0	0	0	0	0	0	0	0	0	0	0	0	0	0	0	0	0	0	0	0	0	0
11014	0	0	0	0	-0.7402615038181452	0	0	-0.4262755193775314	0	0	-0.2967081562509964	-0.1606579112481911	-0.3444451065042784	0	0	0	0	0	0	0	0	0
11031	0	0	0	0	-0.26470785944144964	0	0	0	0	0	0	0	0	-0.9803268743733324	0	-0.494466699786496	0	0	0	0	0	0
11041	0	-1.6299349944709367	0	0	-0.8711926702086876	-0.7589368211973332	0	-0.9549775383271452	0	-0.2259966029346448	0	0	-0.3296337915424089	-2.0745017601634084	-1.3531496361309536	-1.554405574832246	0	0	0	0	0	-1.5724356833244812
11044	0	0	0	0	0	0	0	0	0	0	0	-0.21490135301132557	-0.366728280349892	0	0	0	0	0	0	0	0	0
11065	0	0	0	0	-2.4078641495453352	-2.5697562286595206	0	-3.5764892936172625	0	0	0	0	-0.3486826151920211	0	0	0	0	0	0	0	0	0
11072	0	0	0	0	0	0	0	0	-0.3546372399557736	0	0	0	0	0	0	0	0	0	0	0	0	0
11073	0	0	0	0	0	-0.6413024485825325	0	0	0	0	0	0	-0.2558061412053848	0	0	0	0	0	0	0	0	0
11098	0	0	0	0	0	0	0	0	0	-1.0654273697575003	0	-0.28430766207270886	0	0	0	0	0	-0.8937399951666063	0	0	0	0
1111	0	0	0	0	-0.5039321197005469	-0.976556933247576	0	0	0	0	0	0	0	0	0	0	0	0	0	0	0	0
11137	0	0	0	0	0	0	0	0	0	0	0	0	0	0	0	0	0	0	0	0	0	0
11142	0	0	0	0	0	0	0	0	0	0	0	0	0	0	0	0	0	0	0	0	0	0
11151	0	0	0	0	-1.627065689782227	0	0	-0.4426358600362017	-1.2726524340862688	0	0	-0.975332703702465	-1.0361078546290847	-1.8419612805225771	0	-0.968886945929369	0	0	0	0	-0.3731129858420185	-1.9746191539118605
11157	0	0	0	0	0	0	0	0	0	0	0	0	0	0	0	0	0	0	0	0	0	0
11168	0	-0.8354246386886762	-0.8456373187432654	0	-0.6884383238726984	-1.08814542938831	0	-0.589816812740376	-0.48368743952379606	0	-0.5622283750009062	0	0	0	0	0	0	0	0	0	-0.6703274279856166	0
11182	0	0	0	0	0	0	0	0	0	0	0	0	-0.5186740620960351	0	0	0	0	0	0	0	0	0
11188	0	0	0	-0.7433367119320264	-0.9439192083636452	0	0	-0.8379160339260286	-0.4145528927467459	-0.37034037067326736	0	-0.1849965198361118	-0.7383042489897897	-0.9778769496006228	0	-1.1674149508070195	0	0	0	0	0	-1.722340171822126
11200	0	0	0	-0.9678470575858036	0	0	0	0	0	0	0	0	0	0	-2.3440440411461507	-1.194618650809131	0	-1.2006022669381224	0	0	0	0
1123	0	0	0	0	0	0	0	0	0	0	0	0	0	0	0	0	0	0	0	0	0	0
11230	0	0	0	0	0	0	0	0	0	0	0	0	0	0	0	0	0	0	0	0	0	0
11232	0	0	0	0	0	0	0	-0.5209893687384876	0	0	0	0	0	0	0	-1.0729975753712726	0	0	0	0	0	-0.5612658353562865
11261	0	0	0	0	0	0	0	0	0	0	0	0	0	0	0	0	0	0	0	0	0	0
11284	0	0	0	0	0	0	0	0	0	0	0	0	-0.4120937846156917	0	0	0	0	0	0	0	0	0
11319	0	0	0	0	0	0	0	0	0	0	0	0	0	-0.4336813818329323	0	0	0	0	0	0	0	0
11325	0	0	0	0	0	0	0	0	0	0	0	0	0	0	0	0	0	0	0	0	0	0
11344	0	0	0	0	0	0	0	0	0	0	0	0	0	0	0	-0.635003522042457	0	-0.8126217716952253	0	0	0	0
1153	0	0	0	0	0	0	0	-0.1874739858602165	0	0	0	-0.31224461965972955	-0.5915384919680355	0	0	0	0	0	0	0	0	0
116832	0	-1.2472578733511168	0	0	0	0	0	0	0	0	0	0	0	-1.105198042671586	0	-1.5896466833291285	0	0	0	0	0	0
1212	0	0	0	0	0	0	0	0	0	0	0	0	0	-1.7556506609122975	0	0	0	-0.4411637278647519	0	0	0	0
1213	0	0	0	0	-0.21023977931563248	0	0	0	0	0	0	0	0	0	-0.8250892534796528	0	0	-0.632976396688302	0	0	0	0
124583	0	0	0	0	0	0	0	0	0	0	0	-0.363237936405396	0	0	0	0	0	0	0	0	0	0
1277	0	0	0	0	0	0	0	0	0	0	0	0	-0.7057919659451528	0	0	0	0	0	0	0	0	0
128	0	0	0	0	0	0	0	-0.4156656500562088	-0.1732256630326066	-0.23711541098025565	0	0	0	0	0	-0.8144863202673783	0	-0.5916126705214512	0	0	0	-0.5599004513671139
1282	0	0	-1.890148479653248	0	-0.534301699677327	0	0	0	0	0	-2.5515822534299115	0	0	0	0	0	0	0	0	0	0	0
1385	0	0	0	0	0	0	0	0	0	0	0	0	0	0	0	0	0	0	0	0	0	0
1398	0	0	0	0	0	0	0	0	0	0	0	0	0	0	0	0	0	0	0	0	0	0
1399	0	0	0	0	0	0	0	0	0	0	0	0	0	0	0	0	0	0	0	0	0	0
142	0	-1.0499091394931488	0	0	0	0	0	-1.142015965100242	0	0	0	0	-0.45665867966970863	0	0	-0.6447442410582133	0	0	0	0	-0.25470711713088784	-0.6506881127829756
1429	0	0	0	0	0	0	0	-0.9198472173896908	0	0	0	0	0	0	-1.1229144366231578	0	0	0	0	0	0	0
1445	0	0	0	0	0	0	0	0	0	0	0	-0.300888350394136	-0.2144840120839646	-0.9357357565167784	0	0	0	0	0	0	-0.27830871967876253	-0.751145105774233
1452	0	0	0	0	0	0	0	0	0	0	0	0	0	0	0	0	0	0	0	0	0	0
1454	0	0	0	0	-0.5157445990074887	0	0	0	0	0	-0.4013455218534169	0	-0.4133332748760965	0	0	0	0	0	0	0	0	0
1459	0	0	0	0	-0.4968969676995445	0	0	0	0	0	0	0	0	0	0	0	0	0	0	0	0	0
1465	0	0	0	0	-0.4700793988874036	0	0	0	-0.4329867492764496	0	0	0	0	0	0	0	0	0	0	0	-0.2119383871797401	-1.5363034897280294
147179	0	0	0	0	0	0	0	0	0	0	0	0	0	0	0	0	0	0	0	0	0	0
148022	0	0	0	0	0	0	0	0	0	0	0	0	0	0	0	0	0	0	0	0	0	0
1500	0	0	0	0	0	0	0	0	0	0	0	0	0	0	0	0	0	0	0	0	0	0
1509	0	0	0	0	0	0	0	-1.2477722270499796	-0.17039548409203423	-1.3532644072169508	0	0	0	0	0	0	0	-1.3042893983414692	0	0	0	0
1514	0	0	0	0	0	0	0	0	0	0	0	0	0	0	0	0	0	0	0	0	0	0
1534	0	0	0	0	0	0	0	0	0	0	0	-0.3707545585039478	-0.9084281487227672	0	0	0	0	0	0	0	0	0
154	0	0	0	-1.6133853576356827	-1.8225026089575855	-2.316366927618028	0	-1.3966014580689434	-1.922934714255646	-0.9189186772376186	0	0	-0.4420700438938638	0	-3.369629789479351	0	0	0	0	0	-1.7015883757579655	0
16	0	0	0	0	-0.41707936289485575	0	0	0	0	0	0	0	0	0	0	0	0	0	0	0	0	0
1605	0	0	0	0	0	0	0	0	0	0	0	-0.3395244251804775	0	0	0	0	0	-0.7911129952661884	0	0	0	0
1616	0	0	0	0	0	0	0	0	0	0	0	0	0	0	0	0	0	0	0	0	0	0
1633	0	0	0	0	0	0	0	-0.28682299994680505	0	0	-0.7101141742906585	0	0	0	0	-0.7645908372095112	0	0	0	0	0	0
1635	0	0	0	0	0	0	0	0	0	0	0	0	0	0	0	0	0	0	0	0	0	0
1643	0	0	0	0	0	0	0	-0.7507979506754744	0	0	0	0	-0.17755774563875207	0	0	-1.1019978149897174	0	0	0	0	0	0
1647	0	0	0	0	-0.6737541911217502	0	0	0	0	0	0	0	0	0	0	0	0	0	0	0	0	0
1662	0	-1.2233098020341724	-1.3788721147065528	0	0	0	0	0	0	0	0	0	0	-0.7960763162303094	0	0	0	0	0	0	0	0
1666	0	0	0	0	0	0	0	0	0	0	0	0	0	-1.2369682606728174	0	0	0	-0.8157723932180418	0	0	0	0
1676	0	-1.2692459733166737	-1.3023710947211553	0	-0.6423834365904938	0	0	-0.2956338685157134	-0.30307421476862306	0	-0.25879991928819684	0	-0.7179024081717613	0	0	0	0	0	0	0	-0.26697461116711035	0
1677	0	0	-0.942388786132468	-0.907550989677639	0	0	0	0	0	-0.2268903664813125	-0.3810409546262717	0	-0.9006814462640611	0	0	0	0	0	0	0	0	0
1738	0	0	0	0	0	0	0	0	0	0	0	0	0	0	0	0	0	0	0	0	0	0
1759	0	0	-1.2405076212572266	0	-1.971579585153256	0	0	0	0	0	0	0	-0.8237068561165336	-4.53741358838186	-3.5464024484829406	0	0	0	0	0	-0.7814592521758311	0
178	0	0	0	0	-0.3075671247575006	0	0	0	0	0	-0.7209628594780381	0	-0.5222162717309163	0	-0.985391578078299	0	0	0	0	0	0	-0.4534761384012845
1786	0	0	0	0	0	-0.7283084189759818	0	0	0	0	0	0	0	-1.5966471978408587	-1.0631271709988863	-0.7640486118372936	0	0	0	0	0	-0.4747703792789825
1788	0	0	0	0	-1.1354514560279458	-0.9044416596872532	0	-1.3109410026310546	-0.2819146573715307	0	0	0	0	0	0	-0.8119803452889411	0	0	0	0	0	-1.293585241788723
1802	0	0	0	0	0	0	0	-0.5245517040009225	0	0	-0.2892853830850397	-0.3291158110988396	-0.2745252470891503	-0.5098309827015173	0	0	0	0	0	0	0	0
1829	0	-1.8137760653194712	-2.205316842421939	0	0	0	0	0	0	0	-1.2430757406436994	0	0	0	0	0	0	0	0	0	0	0
1831	0	0	0	-1.4959216419933046	0	0	0	-0.6850084135137681	0	0	0	0	-0.38483289183237673	-0.8113851110691234	-0.8883314673887314	-1.557628330870095	0	0	0	0	0	-1.2407642229665938
1845	0	0	0	0	0	0	0	0	0	0	0	0	-0.1325591372023508	0	0	0	0	-0.9625594462705378	0	0	0	0
1846	0	0	0	0	-0.9333801957806318	0	0	0	0	0	0	0	0	0	0	0	0	0	0	0	0	0
1848	0	0	0	0	0	0	0	0	0	0	0	0	0	0	0	0	0	0	0	0	0	0
1861	0	0	0	0	0	0	0	0	0	0	0	0	0	0	0	0	0	0	0	0	0	0
1870	0	0	0	0	0	-2.770929830974117	0	0	-1.4141994767719903	0	0	0	0	0	0	0	0	0	0	0	0	-2.0379155477180904
1891	0	0	0	0	0	0	0	-0.6343822282174142	-0.355512698324952	0	0	0	0	0	0	-0.5988161248970034	0	0	0	0	0	0
1906	0	0	0	0	0	0	0	0	0	0	0	0	0	0	0	0	0	0	0	0	0	0
1950	0	0	0	0	0	0	0	0	0	0	0	0	0	0	0	0	0	0	0	0	0	0
1956	0	0	0	0	0	0	0	0	0	0	0	0	-0.4643135159624323	0	0	0	0	0	0	0	0	0
1958	0	0	0	0	0	0	0	0	0	0	0	0	0	0	0	0	0	0	0	0	0	0
1978	0	0	0	0	-1.5680602935999497	-0.7492858878301514	0	0	-0.4212730702383748	0	0	0	0	-2.850003240180551	0	-0.7038140406488469	0	0	0	0	0	0
1981	0	0	0	0	0	0	0	0	0	0	0	-0.3445263739138316	0	0	0	0	0	0	0	0	0	0
1983	0	0	0	0	0	0	0	0	0	0	0	0	0	0	0	0	0	0	0	0	0	0
1994	0	0	0	0	0	0	0	0	0	0	0	0	-0.12446176375711206	0	0	0	0	0	0	0	0	0
200081	0	0	0	0	0	0	0	0	0	0	0	0	0	0	0	0	0	0	0	0	0	0
200734	0	0	0	0	-0.6586821840137403	0	0	0	0	0	0	0	0	0	0	0	0	0	0	0	0	0
2017	0	0	0	0	0	0	0	0	0	0	0	0	0	0	0	0	0	0	0	0	0	0
2037	0	0	0	0	0	0	0	-0.9066967944899078	0	0	0	0	0	0	0	0	0	0	0	0	0	0
2042	0	0	-2.622869116188717	0	0	0	0	0	0	0	0	0	0	0	0	0	0	0	0	0	0	0
2048	0	0	0	0	0	0	0	-1.005797032734508	0	-2.3626418130711344	0	-0.7976380142875329	0	0	0	-1.2540474553121477	0	0	0	0	0	-1.1857320282165675
2058	0	0	0	0	-0.49372832865842886	0	0	0	0	0	0	0	-0.3476745411974076	0	0	0	0	0	0	0	0	0
2063	0	0	0	0	0	0	0	0	0	0	0	-0.12251119764981008	0	-1.718629154498544	0	-0.9434121463222512	0	0	0	0	0	-1.259769434792848
2064	0	0	-1.120892370340326	0	-0.9234743046436524	0	0	0	0	0	0	-0.1609388944553251	0	-0.4574051620660347	0	-1.3377661879286131	0	0	0	0	0	0
2065	0	-1.285179516628142	-3.022135771325412	0	0	0	0	0	0	-0.6193947825010195	0	0	0	0	0	0	0	0	0	0	0	0
207	0	0	0	0	0	0	0	-0.25536685467590536	0	0	0	0	0	0	0	0	0	-0.28729823581827263	0	0	0	0
2109	0	0	0	0	-0.30826666578799133	0	0	0	-0.2950013245154183	0	0	0	0	-2.030525526818707	0	-0.37172138956935336	0	0	0	0	0	0
211	0	0	0	0	0	0	0	0	0	0	0	0	0	0	0	0	0	0	0	0	0	0
2113	0	0	0	0	0	0	0	0	0	0	-0.8397744279030991	0	-0.7560350213936342	0	0	0	0	0	0	0	0	0
2115	0	0	0	-1.2692588004832537	-2.299055077239144	0	0	0	0	0	0	0	0	0	0	0	0	0	0	0	-0.8187871772139627	-2.5246110201027614
2131	0	0	0	0	0	0	0	0	0	0	0	0	0	-0.9991627986996188	0	0	0	0	0	0	-0.6902956315068464	0
2146	0	0	0	0	0	-0.7405633783917105	0	0	0	0	0	0	0	0	0	0	0	0	0	0	0	0
2184	0	0	0	0	0	0	0	-0.7817824339327301	-0.4195653716266421	0	0	0	0	-1.830401100405869	0	0	0	0	0	0	0	-0.7901016444206311
2185	0	0	0	0	0	0	0	-0.2331393194937828	0	0	0	0	0	0	0	0	0	0	0	0	0	-0.4821592607333242
2195	0	0	-2.8261604056794	0	0	0	0	0	0	0	0	-0.5331309528888767	-0.7138461880046487	0	0	0	0	0	0	0	-0.5323659996471894	0
2222	0	0	0	0	0	0	0	-0.5704006189070213	-0.3999071461104617	0	0	0	-0.8126989277805323	0	0	0	0	0	0	0	0	-0.7405529230776317
226	0	0	0	0	0	0	0	0	0	0	0	0	0	0	0	0	0	0	0	0	0	0
2263	0	0	-2.0310826115537157	0	0	0	0	0	0	0	-1.865249638787157	0	-0.6521710900932937	0	0	0	0	0	0	0	0	0
2264	0	0	0	0	0	0	0	0	0	0	0	0	0	0	0	0	0	0	0	0	0	0
2274	0	0	-1.9257001564841516	0	-0.8713081760716236	0	0	0	0	0	0	0	0	-1.2956705388890075	0	0	0	0	0	0	0	0
22794	0	0	0	0	-0.3292722777504059	0	0	0	0	0	0	0	0	0	0	0	0	0	0	0	0	0
22796	0	0	0	0	-0.4585835806600221	0	0	-0.3592299628867994	0	0	0	0	-0.3950631309103584	-0.4217432571316314	0	0	0	0	0	0	0	0
22809	0	0	0	0	0	0	0	0	0	0	0	0	0	0	0	0	0	0	0	0	0	0
22823	0	0	0	-0.6936158115356483	0	0	0	0	0	0	0	0	0	0	0	-0.5610299893344284	0	0	0	0	0	-0.4265913966915354
22827	0	0	0	0	0	0	0	0	0	0	0	0	0	0	0	0	0	0	0	0	0	0
22841	0	0	0	0	0	0	0	0	0	0	0	0	0	0	-1.084594550062596	0	0	0	0	0	0	0
2288	0	0	0	0	-0.5378623570719955	0	0	0	0	0	0	0	-0.22419195813217263	0	0	0	0	0	0	0	0	0
22883	0	0	0	0	0	0	0	0	0	0	0	-0.4675406907913522	0	0	0	-0.8128032540510627	0	0	0	0	0	-0.5146473324669515
22887	0	0	0	0	0	0	0	0	0	0	0	0	0	0	0	0	0	0	0	0	0	0
22889	0	0	0	0	0	0	0	0	0	-0.2197585879774274	0	-0.4861812935225759	-0.3418969696444742	0	0	0	0	0	0	0	0	0
22905	0	0	0	-0.6948678450439295	-1.4361670953631165	0	0	-0.489937748677122	-0.31499837641276246	-0.5526281589164473	-1.6543370707909368	0	-0.13532992242907416	-2.199972956112351	0	-1.0215269196078771	0	0	0	0	0	-1.0486865472835476
22908	0	0	0	0	0	0	0	0	0	0	0	0	0	0	0	0	0	0	0	0	0	0
22926	0	0	0	0	0	0	0	0	0	0	0	0	-0.26492438287359354	0	0	0	0	0	0	0	0	0
22934	0	0	0	0	0	0	0	0	0	0	0	-0.2411334641665956	0	-0.5392602568224356	0	0	0	0	0	0	0	0
23	0	0	0	0	0	0	0	0	0	0	0	0	0	0	0	0	0	0	0	0	0	0
230	0	0	0	0	0	0	0	-0.4967811748378952	0	0	0	0	0	0	0	0	0	0	0	0	0	0
23011	0	0	0	0	0	0	0	0	0	0	0	0	0	0	0	0	0	0	0	0	0	0
23013	0	0	0	0	0	0	0	0	0	0	0	0	0	0	0	0	0	0	0	0	0	0
23014	0	0	0	0	-0.27175267155314525	0	0	0	0	0	0	0	0	0	0	0	0	0	0	0	0	0
23029	0	0	0	0	0	0	0	0	0	0	-0.676797120988831	0	0	0	0	0	0	0	0	0	0	0
23038	0	0	0	0	0	0	0	-0.5875927460670545	-0.2015346694664708	0	0	0	0	0	0	-0.4513232730684243	0	0	0	0	0	-0.9034604823604808
23039	0	0	0	0	0	0	0	-0.3509620785940856	0	0	0	0	0	0	0	-0.96936096108273	0	0	0	0	0	0
23061	0	0	0	0	0	0	0	-0.5069269299689667	0	0	0	0	0	0	0	-0.5972268078017827	0	-1.505411649435541	0	0	0	-0.4280585118515412
23076	0	0	0	0	0	0	0	-0.4621034869918554	0	0	-0.44498531721347045	0	-0.2795100741407052	-1.3654538883369942	0	0	0	0	0	0	0	0
23077	0	0	0	0	0	0	0	-0.5942270356187557	0	0	0	0	0	0	-1.0770433847707277	0	0	0	0	0	0	-0.34196636680458814
2309	0	0	0	0	0	0	0	0	0	0	0	0	0	0	0	0	0	0	0	0	0	0
23097	0	0	0	0	0	0	0	-0.32392769635955404	0	0	0	0	-0.9094005380964448	0	0	-1.2871854812446493	0	-0.5632447553932652	0	0	-0.4216515638796294	-0.9269887407108331
23131	0	0	0	0	0	0	0	0	0	0	0	0	0	0	0	0	0	0	0	0	0	0
23139	0	0	0	0	0	0	0	0	0	0	0	0	0	-0.4990980940280432	0	0	0	0	0	0	0	0
23142	0	0	0	0	-0.4539425055010409	-0.5823327943998575	0	-0.40080599839825726	0	0	-0.6408756918056927	0	-0.1148697456280384	-1.211005750783362	-1.4111189281131662	0	0	0	0	0	0	0
23149	0	0	0	0	0	0	0	-0.6260266273449435	0	0	0	0	0	-2.5096387464770973	0	-1.373260151249949	0	0	0	0	0	-1.168097641404061
23161	0	0	0	0	-0.3460195343121542	0	0	0	0	0	0	0	0	0	-1.167300508421424	0	0	-0.7153894234972024	0	0	0	0
23200	0	0	0	0	0	0	0	0	0	0	0	0	-0.1413101535935397	0	0	0	0	0	0	0	0	0
23210	0	0	0	0	0	0	0	0	0	0	0	0	-0.6044727115304608	0	0	0	0	0	0	0	0	0
23212	0	0	0	0	0	0	0	-0.5096717569302083	0	0	0	0	0	-2.6096388167149063	0	0	0	0	0	0	0	0
23223	0	0	0	0	0	0	0	0	0	0	0	-0.3700968660230009	0	-0.8293370754149804	0	0	0	0	0	0	0	0
23224	0	0	0	0	0	-2.157285745008228	0	0	0	0	0	0	-0.3194093273144794	0	0	0	0	0	0	0	0	0
23244	0	0	0	0	0	0	0	0	0	0	0	0	0	0	0	0	0	0	0	0	0	0
23271	0	0	0	0	0	0	0	0	0	0	0	0	0	0	0	0	0	0	0	0	0	0
23300	0	0	0	0	0	0	0	0	0	0	0	-0.2365887212783504	0	0	0	0	0	0	0	0	0	0
23321	0	-0.8987337551050908	-1.4754002911273412	0	-0.6188887881035794	0	0	0	0	0	0	0	0	0	0	0	0	0	0	0	0	0
23325	0	0	0	0	0	0	0	0	0	-0.3285178825469497	0	0	0	0	0	0	0	0	0	0	0	0
23326	0	0	0	0	0	0	0	0	0	0	0	-0.19039258768904235	-0.8050500182405557	0	0	-0.4404377506629104	0	0	0	0	0	0
23335	0	0	0	0	0	0	0	0	0	0	0	0	0	0	-0.8670251769159066	0	0	0	0	0	0	-0.4707683571051196
23338	0	0	0	0	0	0	0	-1.262490263159224	0	0	-0.4330626221191069	-0.2340575804181004	0	0	0	0	0	0	0	0	0	-1.1369210340341938
23365	0	0	0	0	0	0	0	0	0	0	0	0	-0.6263842866400668	0	0	0	0	0	0	0	0	0
23368	0	0	0	0	-0.4482718962784113	0	0	0	0	0	0	0	0	-1.7526379974299977	0	0	0	0	0	0	0	0
23378	0	0	0	0	-0.2422041627609142	0	0	-0.335865438879404	0	0	0	-0.3498214688084502	-0.626480506846888	-0.8059919905190616	0	0	0	0	0	0	0	0
23386	0	-0.9767888168018396	0	0	-0.21246042239246085	0	0	0	0	0	0	0	0	0	0	-0.5659647159598346	0	0	0	0	0	-0.32945358278403986
23410	0	-0.976502848725898	0	0	0	0	0	-0.9005942749893124	0	0	0	0	0	-0.767776643375027	0	-1.4290773278668305	0	0	0	0	0	-1.1274317500422248
23443	0	0	0	0	-0.4196753177320456	0	0	-0.5094955552882542	0	-0.2565997958862759	-0.8724572570155568	0	0	0	-1.0344856350212153	0	0	0	0	0	0	0
23463	0	-1.1349606529063367	0	0	-0.3842488786990944	-0.605944349980125	0	-0.34798888009463275	-0.3516927909154424	0	0	0	-0.596394731982154	-0.7275388858761592	0	-0.7867924388725804	0	0	0	0	0	-0.5785628373185379
23499	-0.4972083691864564	0	0	0	0	0	0	0	0	0	0	0	-0.2688410977524872	0	0	0	0	0	0	0	-0.7292661990389295	0
23512	0	0	0	0	0	0	0	0	0	0	0	0	0	0	0	0	0	0	0	0	0	0
23522	0	0	-1.2649146439360908	-0.5081522223682187	-0.5688726123403783	0	0	0	0	0	0	0	0	0	0	0	0	0	0	0	0	0
2353	0	0	0	0	0	0	0	-0.7688549639399742	-0.9873053889210208	0	0	0	0	0	0	0	0	0	0	0	0	0
23530	0	0	0	0	-0.6034453579566843	0	0	-0.70356536987601	-0.14177145334237687	0	0	0	-0.12566417102905297	-0.7982135571932802	0	0	0	-0.8194235146726725	0	0	0	-0.36662631654808175
23536	0	0	0	0	0	0	0	0	0	0	0	0	0	0	0	0	0	0	0	0	0	0
2356	0	0	0	0	0	0	0	0	0	0	0	0	0	0	0	0	0	0	0	0	0	0
23585	0	0	0	0	0	0	0	0	0	0	0	0	0	0	0	0	0	0	0	0	0	0
23588	0	0	0	0	-0.5884873095061404	0	0	-0.8615631046898732	0	-0.37589425282221206	0	0	-0.34558881178190315	0	0	-0.997856769534789	0	0	0	0	0	-0.4977679949643186
23597	0	0	0	0	0	0	0	0	0	0	0	0	0	0	0	0	0	0	0	0	0	0
23635	0	0	0	0	-1.2905105325732873	0	0	0	0	-0.4586030153263211	0	0	-0.5224277044500959	0	0	0	0	0	0	0	0	0
23636	0	0	0	0	0	0	0	0	0	0	0	0	-0.1649555526084762	0	0	0	0	0	0	0	0	0
23647	0	0	0	0	0	0	0	0	0	0	0	0	0	0	0	0	0	0	0	0	0	0
23658	0	0	0	0	0	0	0	0	0	0	0	0	0	0	0	0	0	0	0	0	0	0
23659	0	0	0	-1.020301374046616	-0.8636150165442595	0	0	-0.9505907920173028	-0.5866808837194454	-0.8902281930153352	0	-0.24185926994475637	0	-2.0032980542069634	-0.7459775263275137	-1.1334673191726967	-0.45707922600596496	-1.669724512965062	0	0	0	-1.3210883610688091
23670	0	0	0	0	0	0	0	0	0	-0.2955162137801228	0	-0.2422003307711605	0	0	0	0	0	0	0	0	0	0
24149	0	0	0	-0.5025539727566396	0	0	0	0	0	0	0	0	0	0	0	-0.5861372831589476	0	0	0	0	0	0
25	0	0	0	-0.6939845664398068	0	0	0	-0.6634860858206535	-0.220483609696659	0	0	-0.2804203119066181	0	-0.9263420748301008	-0.5706985125869605	-0.4239829842193049	0	0	0	0	0	-0.8424695074665569
2523	0	0	-3.1106505807225666	0	0	0	0	0	0	0	0	0	0	0	0	0	0	0	0	0	0	0
2534	0	0	0	0	-1.7799064229436248	0	0	0	0	0	0	-0.4876018485034101	0	0	0	0	0	0	0	0	0	0
2542	0	-1.3101956542885114	0	0	-0.5521486211568384	-0.5550824163544202	0	-0.8477418309122675	-0.48450307503225054	0	0	-0.45570928897613466	-0.6779891206896045	-0.9224974577421206	0	-1.0952262454147643	0	0	0	0	0	-0.7702056575506736
2548	0	0	0	0	0	0	0	-1.0575941564088984	0	-0.7023675044687403	0	-0.28411653212478705	-1.049290062411933	-0.9657733645360286	0	0	0	-1.242940442185322	0	0	0	0
2553	0	0	0	0	0	0	0	0	0	0	0	0	0	0	0	0	0	0	0	0	0	0
256364	0	0	0	0	0	0	0	0	0	0	0	0	-0.7452320860471928	-1.2895652583612254	0	0	0	0	0	0	0	0
25793	0	0	0	0	0	0	0	0	0	0	0	0	0	0	0	0	0	0	0	0	0	0
25803	0	0	0	0	0	0	0	0	0	0	0	0	0	0	0	0	0	0	0	0	0	0
25805	0	0	0	0	0	0	0	0	0	0	0	0	0	0	0	0	0	0	0	0	0	0
2582	0	0	0	0	-0.8289676073500469	0	0	0	-0.2804292961647316	0	0	0	-0.1809349089840496	0	0	0	0	-0.4853289380402789	0	0	0	-0.6824654063889642
25825	0	0	0	0	0	0	0	0	0	-0.6729225142448211	-0.8877434615491079	-0.2127958839181052	-0.37459163199776857	0	-1.3661917925973823	0	0	0	0	0	0	0
25839	0	0	0	0	0	0	0	0	-0.2151991712893482	0	0	0	0	-0.5945204331404176	0	-0.9816118945849586	0	0	0	0	0	-0.7371568222652718
25874	0	0	0	0	-0.8169996690877652	0	0	0	-0.18893785063565935	0	0	0	0	0	0	0	0	-0.9680202620416184	0	0	0	0
25932	0	0	0	0	0	0	0	0	0	0	0	0	0	0	0	0	0	0	0	0	-0.2631826072586	0
25966	0	0	0	0	0	0	0	-1.6829011244122007	0	-0.3366733172621199	0	0	-1.2608768346132344	-1.1410587497262608	0	-0.6783980543174324	-0.5716260554420242	0	0	0	-0.540283974301954	-0.7517025004819399
2597	0	0	0	0	0	0	0	0	0	0	0	0	0	0	0	0	0	0	0	0	0	0
25976	0	0	0	0	0	0	0	-0.5781468048348362	0	0	0	0	0	0	-0.5943301857121556	0	0	0	0	0	0	0
25987	0	0	0	0	0	0	0	0	0	0	0	0	0	0	0	0	0	0	0	0	0	0
26001	0	0	0	0	0	0	0	0	0	0	0	0	0	-0.7180885588938122	0	0	0	0	0	0	0	-0.3911385853530455
26020	0	0	0	0	0	0	0	0	0	0	0	-0.2795270577606541	0	0	0	0	0	0	0	0	0	0
26036	0	0	0	0	0	0	0	0	0	0	-0.5438568606296401	0	0	0	0	0	0	0	0	0	0	0
26054	0	0	0	0	0	0	0	0	0	0	0	0	0	0	0	0	0	0	0	0	0	0
26064	0	-2.1243180027983315	0	0	-1.3722982898561713	0	0	0	-0.2752108011984916	0	0	0	0	0	0	0	0	0	0	0	0	0
26128	0	0	0	0	0	0	0	0	-0.26312869747286893	0	0	0	0	0	0	0	0	0	0	0	0	0
26136	0	0	0	0	0	0	0	0	0	0	0	0	0	0	0	0	0	0	0	0	0	0
26227	0	-1.425146697284884	0	0	-1.0720389737229676	-2.260277669143681	0	0	0	0	0	0	-0.8183863223355613	0	0	0	0	0	0	0	0	-1.620008048501824
2624	0	0	0	0	0	0	0	0	0	0	0	-0.6039327979683415	0	0	0	0	0	0	0	0	0	0
2625	0	0	0	0	0	0	0	0	0	0	-0.5352114804593422	-1.636442520359101	0	0	0	0	0	0	0	0	0	0
26292	0	0	0	0	0	0	0	0	0	0	0	0	-0.14855758178466044	-1.4800141939558915	0	0	0	0	0	0	0	0
26511	0	0	0	0	0	0	0	0	0	0	0	0	0	0	0	0	0	0	0	0	0	0
26520	0	0	0	0	-0.4249095415811514	0	0	-0.4839999997722588	0	0	-0.31722988026630383	0	0	-0.901084298812326	0	0	0	0	0	0	0	0
2673	0	0	0	0	-0.3545707394405348	0	0	0	0	0	0	0	0	0	0	0	0	0	0	0	0	0
2690	0	0	-2.5512560534586046	0	0	0	0	0	0	0	0	0	-0.599637151973408	0	0	0	0	0	0	0	0	0
26993	0	0	0	0	0	0	0	0	0	0	0	0	0	0	0	0	0	0	0	0	0	0
27032	0	0	0	0	0	0	0	0	0	0	0	0	-0.12257059598001642	0	0	0	0	0	0	0	0	0
27095	0	0	0	0	0	0	0	0	0	0	0	0	0	0	0	0	0	0	0	0	0	0
27109	0	0	0	0	0	0	0	0	0	0	0	0	-0.31012384939782145	0	0	0	0	0	0	0	0	0
27242	0	0	0	0	-1.4660545690993836	0	0	-1.5768101832356354	-0.34537194067590804	-1.5982464852070648	0	-0.4630765740052797	0	0	0	-1.4660414526138863	0	-2.307999083757503	0	0	0	-1.0791881953258684
27244	0	0	0	0	-1.31085529888946	0	0	-0.756523321928534	0	-0.5356107565338392	-0.8549326975800493	0	0	0	0	-1.2504711214299589	0	-0.7955876452438425	0	0	0	-1.1555190223458496
27336	0	0	0	0	0	0	0	0	0	0	0	0	0	-0.5000070005123579	0	0	0	0	0	0	0	0
27346	0	0	0	0	-0.8874380168693409	-1.6598508655615825	0	-2.744351948533223	-1.263693828168932	0	0	0	0	0	0	0	0	0	0	0	0	-1.465572075957985
2736	0	0	0	0	0	0	0	0	0	0	0	0	0	0	0	0	0	0	0	0	0	0
2745	0	0	0	0	0	0	0	0	0	0	0	0	0	0	0	0	0	0	0	0	0	0
2767	0	0	-1.302786900083274	0	0	0	0	0	0	0	0	0	-0.16056719161721406	-1.768847100360782	0	0	0	-0.9471643950704296	0	0	0	0
2769	0	0	0	0	0	0	0	0	0	0	0	0	0	-0.8770830714508382	0	0	0	0	0	0	0	0
2770	0	0	-2.1049194718779995	0	0	0	0	0	0	0	0	0	0	0	0	0	0	0	0	0	0	0
2771	0	0	0	0	0	0	0	0	0	0	0	0	0	-0.502228871269253	0	-0.4162338056686305	0	-0.4881426924086272	0	0	0	-0.4066726331558174
2778	0	0	0	0	-0.29039647954082887	0	0	-0.3767546863918774	0	0	0	0	-0.28062633445150986	0	0	0	0	0	0	0	0	0
2810	0	0	0	0	0	0	0	0	0	0	0	0	0	0	0	0	0	0	0	0	0	0
2817	0	0	0	0	-1.0264602098287463	0	0	0	0	0	0	-0.409442003292703	0	0	0	0	0	0	0	0	0	0
2852	0	0	0	0	-1.066071700407527	0	0	0	-0.6048666553850571	0	0	0	0	-4.031068224695352	0	-1.3124564574366575	0	0	0	0	0	-1.2460024056507624
2886	0	0	0	0	0	0	0	0	0	0	0	0	0	0	0	0	0	0	0	0	0	0
2887	0	0	0	0	0	0	0	0	0	0	0	-0.29623561591622416	0	0	0	0	0	0	0	0	0	0
2896	0	0	0	0	0	0	0	-1.2841251954630892	0	-1.2545613045309938	0	-0.1843201751326633	0	-1.2644906288158069	0	0	0	0	0	0	0	0
28969	0	0	0	0	0	0	0	0	0	0	0	0	0	0	0	0	0	0	0	0	0	0
2908	0	0	0	0	0	0	0	0	0	0	0	0	0	0	0	0	0	0	0	0	0	0
29082	0	0	0	0	0	0	0	0	0	0	0	0	0	0	0	0	0	0	0	0	0	0
29083	0	0	0	0	0	0	0	-0.6521592985682265	0	0	-0.6197663943922774	0	0	0	0	0	0	0	0	0	0	0
291	0	0	0	0	-0.7507910801010778	0	0	0	0	0	0	0	0	0	0	0	0	0	0	0	0	0
29103	0	0	0	0	0	0	0	0	0	0	0	0	0	0	0	0	0	0	0	0	0	0
2920	0	0	0	0	0	0	0	0	0	0	0	0	0	0	0	0	0	0	0	0	0	0
2946	0	0	0	0	-0.8033251464142694	0	0	-1.8797163937779748	0	-0.7243961251800165	-0.6778238452971508	0	-0.6720330585788423	-1.4327706279391974	-1.0678242757552734	0	0	0	0	0	0	0
2954	0	0	0	0	0	0	0	0	0	0	0	0	-0.2598536273567472	0	0	0	0	0	0	0	0	-0.5289479986356224
2956	0	0	0	0	0	-0.7672152805811573	0	0	0	0	0	0	0	0	0	0	0	0	0	0	0	0
2958	0	0	0	0	0	0	0	0	-0.27484982288592924	0	0	0	0	-0.8946493858588817	0	0	0	0	0	0	0	0
2961	0	0	0	0	0	0	0	0	0	0	0	0	0	0	0	0	0	0	0	0	0	0
29763	0	0	0	0	0	0	0	-1.267928751777179	-1.592866658598792	0	0	0	0	0	0	0	0	0	0	0	0	0
29890	0	0	0	0	0	0	0	-0.32226338616924166	0	0	0	-0.3021008156933984	-0.32812103167777823	-0.3652147128355133	0	0	0	0	0	0	0	0
29911	0	-0.9319031562103336	-1.6944547524801992	0	0	0	0	0	0	0	0	0	0	0	0	0	0	0	0	0	0	-0.4099016065217777
29916	0	0	0	0	0	0	0	0	0	0	0	0	0	0	0	0	0	0	0	0	0	-1.5293299574529864
29928	0	0	0	0	0	0	0	0	0	0	0	0	0	0	0	0	0	0	0	0	0	0
29937	0	0	0	0	0	0	0	0	0	0	0	0	0	-0.8126800637413798	0	0	0	0	0	0	0	0
29978	0	0	0	0	0	0	0	0	0	0	0	0	0	0	0	0	0	0	0	0	0	0
30	0	0	0	0	0	0	0	0	0	0	0	0	0	0	0	-0.3157445994130636	0	0	0	0	0	0
30001	0	0	0	0	0	0	0	0	0	0	0	0	0	0	0	0	0	0	0	0	0	0
3028	0	0	0	0	0	0	0	0	0	0	0	0	0	-1.2816333985133217	0	0	0	0	0	0	0	0
3033	0	0	0	0	-2.389764292504039	-1.5695862027614556	0	-2.317023144816741	-0.9500498223174022	0	-0.36930937109866624	0	-0.4633526174250456	-2.088071627005979	-0.9760963239898858	-0.7270130923854257	0	0	0	0	-0.8343413488066617	-0.8541638433055285
3066	0	0	0	0	0	0	0	0	0	0	0	0	-0.2098808643212617	0	0	0	0	0	0	0	0	0
30836	0	0	0	0	0	0	0	0	0	0	0	0	0	0	0	0	0	0	0	0	0	0
30849	0	0	0	0	0	0	0	0	0	0	0	0	-0.34441918910562563	0	0	-0.8528020744818633	0	0	0	0	0	-0.33082119139528426
3091	0	0	0	0	0	0	0	0	0	0	0	0	0	0	0	0	0	0	0	0	0	0
3098	0	0	0	0	0	0	0	0	0	0	0	0	0	0	0	0	0	0	0	0	0	0
310	0	0	0	0	0	0	0	0	0	0	0	0	0	0	0	0	0	0	0	0	0	0
3108	0	0	0	0	0	0	0	-1.9836437002181733	0	0	0	0	0	-1.752071559427702	-2.062557351449841	0	0	0	0	0	0	0
3122	0	0	0	0	0	0	0	-2.830117901295656	0	-3.722884207667288	0	0	0	0	0	0	0	0	0	0	0	0
3156	0	0	0	0	0	0	0	-0.48654605711880505	-0.3995237042236125	0	0	0	-0.2507365851212964	0	0	0	0	0	0	0	0	0
3157	0	0	0	0	0	0	0	-0.5807821845278546	0	0	0	0	0	0	0	0	0	0	0	0	0	0
3162	0	0	0	0	0	0	0	-0.7548946729320762	0	-0.9024181394668904	0	0	0	0	-1.0471050364170276	0	0	0	0	0	0	0
3202	0	0	0	0	-3.012112767266719	0	0	0	0	0	0	0	-0.863592726423682	0	0	0	0	0	0	0	0	0
3206	0	0	0	0	0	0	0	0	0	0	0	0	0	0	0	0	0	0	0	0	0	0
323	0	0	0	0	0	0	0	0	0	0	0	0	0	0	0	0	0	0	0	0	0	0
3251	0	0	0	0	0	0	0	0	0	0	0	0	0	0	0	0	0	0	0	0	0	0
3280	0	0	0	0	0	0	0	0	0	0	0	0	0	0	0	0	0	0	0	0	0	0
329	0	0	0	0	0	0	0	0	0	0	0	0	0	0	0	0	0	0	0	0	0	0
3300	0	0	0	0	0	0	0	0	0	0	0	-0.7499135870741843	0	0	0	0	0	0	0	0	0	0
3303	0	0	0	0	0	0	0	-5.543175489966598	0	0	0	0	-0.8942947320677247	0	0	0	0	0	0	0	0	0
3308	0	0	0	0	0	0	0	0	0	0	0	0	0	0	0	0	0	0	0	0	0	0
3312	0	0	0	0	0	0	0	0	0	0	0	0	-1.6161884385171983	0	0	0	0	0	0	0	0	0
3315	0	0	0	0	0	0	0	0	0	0	0	0	0	0	0	0	0	-0.8545840370216323	0	0	0	0
332	0	0	0	0	-2.0252140446990192	-2.54985950888294	0	0	-1.6017598149141834	0	0	0	-0.3775515326173384	0	0	0	0	0	0	0	0	0
3329	0	0	0	0	0	0	0	-0.2872546672166022	0	0	0	0	0	0	0	0	0	0	0	0	0	0
3337	0	0	0	0	0	0	0	0	0	0	0	0	0	0	0	0	0	0	0	0	0	0
3383	0	0	0	0	0	0	0	0	0	0	0	0	0	0	0	0	0	0	0	0	0	0
3385	0	0	0	0	-1.08591526044077	0	0	0	0	0	0	0	-0.41519508880608974	-2.194926206292719	0	0	0	0	0	0	0	0
3398	0	0	0	0	-1.0467625764062922	0	-0.45725988624431	-0.8641712386991222	-0.31340956366112255	0	-0.4248921993787562	-0.487525028755034	0	0	0	0	0	0	0	0	0	0
3416	0	0	0	0	0	0	0	0	0	0	0	0	-0.11387397751703753	0	0	0	0	0	0	0	0	0
3454	0	0	0	0	0	0	0	0	0	0	0	0	-0.724444608763823	0	0	0	0	0	0	0	0	0
348	0	0	-3.5224294534460103	0	0	0	0	-0.5323374981105713	-0.25601449833734485	-4.405424999118677	0	0	-1.6919553454516394	0	0	0	0	-1.5680821367907112	0	0	0	0
3480	0	0	0	0	-1.7442690449598506	0	0	0	-0.3938051895469085	0	0	-0.5351790280548022	-0.3007137791409578	0	0	-0.7857451504229174	0	0	0	0	0	0
3482	0	0	0	0	0	0	0	0	0	0	0	-0.4185962065571664	-0.6617483545870931	0	0	0	0	-0.8639777710973965	0	0	0	0
3486	0	0	0	0	0	0	0	0	0	-0.7172365679439893	0	-0.6667003555391907	0	0	0	0	0	0	0	0	0	0
3508	0	0	0	0	0	0	0	0	0	0	0	-0.4472109643269789	0	0	0	0	0	0	0	0	0	0
351	0	0	0	0	-0.3478332303961278	0	0	0	0	0	0	0	-0.713757269611273	0	0	0	0	0	0	0	0	0
355	0	0	0	0	0	0	0	0	0	0	0	0	0	0	0	0	0	0	0	0	0	0
3551	0	0	0	0	0	0	0	-0.5560692939628987	0	0	0	0	0	0	0	0	0	0	0	0	0	-0.7028790712282014
3553	0	0	0	0	0	0	0	0	0	0	0	0	0	0	0	0	0	0	0	0	0	0
3566	0	0	0	0	0	0	0	0	0	0	0	0	0	0	0	0	0	0	0	0	0	0
3597	0	0	0	0	-0.494184497151893	0	0	0	0	0	0	0	-0.440654407906601	0	0	-0.5272888046775748	0	0	0	0	0	0
3611	0	0	0	0	0	0	0	0	0	0	0	0	0	0	0	0	0	0	0	0	-0.23899683157403623	0
3628	0	0	0	0	-0.960632586853436	0	0	0	0	0	0	0	0	-1.3935204480660262	-1.1298798673485977	0	0	0	0	0	0	0
3638	0	0	0	0	0	0	0	0	0	0	0	0	-0.5950853818528065	0	0	0	0	0	0	0	0	0
3682	0	0	0	0	-0.74595686609828	0	0	-1.1218887178057606	-0.5013917467486387	0	0	0	-0.4735707027687008	-1.0298002213517858	-0.5857394229181477	0	0	0	0	0	0	0
3693	0	0	0	0	-0.4974464754734605	0	0	-0.7474915828108719	0	-2.1849595196123577	0	-0.341410315624176	0	-3.096962957208868	-2.411726631686537	-0.5783687333537576	-0.6220344615741991	-1.593531947088376	0	0	0	0
3725	0	0	0	0	0	0	0	0	0	0	0	0	0	-0.9266966018315582	0	0	0	0	0	0	0	0
375346	0	0	0	0	0	0	0	0	0	0	0	-0.2633720353025411	0	0	0	0	0	0	0	0	0	-0.3619934095130609
3775	0	0	0	0	0	0	0	0	0	0	-3.1628494207418307	0	0	0	0	0	0	0	0	0	0	0
3800	-0.5325746694624279	0	-1.16716601080982	0	0	0	0	0	0	0	0	0	-0.492030047186336	0	0	0	0	0	0	0	0	0
3815	0	0	0	0	0	0	0	0	0	0	0	0	-0.9156336410226422	0	0	0	0	0	0	0	0	0
387	0	0	0	0	0	0	0	0	0	0	0	0	0	0	0	0	0	-0.5124853468127066	0	0	0	0
388650	0	0	0	0	0	0	0	0	0	0	-0.9771771761983112	0	-0.3628666437696919	0	0	0	0	0	0	0	0	0
3895	0	0	0	0	0	0	0	0	0	0	0	0	0	-0.7083976200845677	0	0	0	0	0	0	0	0
39	0	0	0	0	0	0	0	0	0	0	0	0	0	0	0	0	0	0	0	0	0	0
3909	0	0	0	0	0	0	0	0	0	0	0	0	0	0	0	0	0	0	0	0	0	0
392	0	0	0	0	0	0	0	0	0	0	0	0	0	0	0	0	0	0	0	0	0	0
3925	0	0	0	0	-2.931081338477568	-2.840938791000972	0	-4.112300562336007	-2.085444980673043	0	0	0	0	0	0	-0.6005624129298309	0	0	-0.8138077195769509	0	-0.7522202004546509	-0.8649680570014375
3930	0	0	0	0	0	0	0	0	0	0	0	0	-1.0602000826598632	0	0	-0.7978226354697662	0	0	0	0	0	-0.4541072754555292
3964	0	0	0	0	0	0	0	0	0	0	0	0	0	0	-1.0563092445115347	-0.4240997745635046	0	0	0	0	0	0
3978	0	0	0	0	0	0	0	0	0	0	0	0	0	0	0	0	0	0	0	0	0	0
3988	0	0	0	0	0	0	0	0	0	0	0	0	0	0	0	0	0	0	0	0	0	0
4016	0	0	0	0	0	0	0	0	0	0	0	0	-0.8812829785258698	0	0	0	0	0	0	0	0	0
4043	0	0	0	0	0	0	0	-1.0946219023696135	-0.1646555291684177	-0.46800371262559226	0	0	0	-1.021983655302985	0	0	0	-0.756486879003018	0	0	0	0
4067	0	0	0	0	0	0	0	0	0	0	0	0	0	0	0	0	0	0	0	0	0	0
4088	0	0	0	0	0	0	0	-2.8223188865665936	0	0	-0.4604277879877832	0	0	-1.3535892695047498	-2.9601006263554823	0	0	0	0	0	0	0
4125	0	0	0	0	0	0	0	-0.5994279011403227	0	0	0	-0.3713254781589117	-0.610589219232629	-1.123185574841531	0	0	0	0	0	0	0	0
4144	0	0	0	0	0	0	0	-0.6800454675808371	0	0	0	-0.2307240706240976	0	0	-1.2160640697160374	0	0	0	0	0	0	-0.6796174273600716
4154	0	0	0	0	0	0	0	0	0	0	-0.56988479219892	0	0	0	0	0	0	0	0	0	0	0
4172	0	0	0	0	0	-1.3058359650835056	0	-0.869557666740177	0	0	0	0	-0.2435438948730005	-0.5659857621508296	0	-0.7745537254634931	0	0	0	0	0	0
4200	0	0	0	0	0	0	0	0	0	0	0	0	0	0	0	0	0	0	0	0	0	0
4208	0	0	0	-0.9596425583080028	-1.1920133428247937	0	0	-2.49293586280586	0	-0.5826212978828517	0	0	0	-1.273272900250337	-2.5259275596164623	-1.3962607937193228	0	0	0	0	-0.3305840769271444	-1.838513233795686
4216	0	0	0	0	-0.2756347386968941	0	0	0	0	0	0	0	-0.2030795709232289	0	0	0	0	0	0	0	0	0
4232	0	0	0	0	0	0	0	0	0	0	0	0	-0.5495980776944134	-1.0414990157426822	0	0	0	0	0	0	0	0
427	0	0	0	0	-0.3416780582336484	0	0	-0.97428721306824	0	-1.1932400164756145	0	0	0	0	-1.4915096822112144	-0.3777247154497975	0	-1.15833672402571	0	0	0	0
4282	0	0	0	0	0	0	0	0	0	0	0	0	0	0	0	0	0	0	0	0	0	0
4303	0	0	0	-0.7186826304837072	-0.5844378556661225	0	0	0	0	0	0	0	0	0	0	-0.8484732848077241	0	0	0	0	0	-0.8615831081789518
4312	0	0	0	0	0	0	0	0	0	0	0	0	0	0	0	0	0	0	0	0	0	0
4313	0	0	0	0	-1.062296196485983	0	0	-2.306834738775748	0	-2.4829295630064787	0	0	0	0	0	0	0	0	0	0	0	0
4331	0	0	0	0	0	0	0	0	0	0	-0.775022511827548	0	0	0	0	0	0	0	0	0	0	0
4482	0	0	0	0	0	0	0	0	0	0	0	0	0	0	0	0	0	0	0	0	0	0
4582	0	0	0	0	0	0	0	0	0	0	0	0	0	0	0	0	0	0	0	0	0	0
4605	0	0	0	0	-3.146029775790651	-2.792773458632085	0	-3.975250509497241	-1.8843656954779189	0	0	0	0	0	0	0	0	0	0	0	0	0
4609	0	-1.477329961627799	0	0	-0.9816859052774402	0	0	0	0	0	-0.468154324155582	0	-0.832901367367064	-0.9085110216376056	0	0	0	0	0	0	0	0
4616	0	0	0	0	0	0	0	0	0	0	0	0	0	0	0	0	0	0	0	0	0	0
4638	0	0	0	0	0	0	0	0	0	0	0	0	-0.6472113138883738	-1.323008019657466	-0.8643611048664429	0	0	0	0	0	-0.4849207118742128	0
4651	0	0	0	0	0	0	0	0	0	0	0	0	0	0	0	0	0	0	0	0	0	0
466	0	0	0	0	0	0	0	0	0	0	0	0	0	0	0	0	0	0	0	0	0	0
4690	0	0	0	0	0	0	0	-0.4232726900235729	0	-0.21014612525719287	0	0	0	0	0	0	0	-0.7643955489361458	0	0	0	0
47	0	0	0	0	0	0	0	0	0	0	0	0	-0.15092722561889588	0	0	0	0	0	0	0	0	0
4775	0	0	0	-0.6353378119408327	-0.3555831816043264	-0.7495373150635685	-0.3575156180451069	-0.6821694775996175	-0.4329586513502652	-0.2643463563525401	0	-0.20509317431678925	0	-0.9826622137523252	-0.8128039896628259	-1.6564578125309348	0	0	0	0	0	-0.8845636285251982
4776	0	0	0	0	0	0	0	0	0	0	0	0	0	0	0	0	0	0	0	0	0	0
4780	0	0	0	0	0	0	0	0	0	0	0	0	0	0	0	0	0	0	0	0	0	0
4783	0	0	0	0	0	0	0	0	0	0	0	0	0	0	0	0	0	0	0	0	0	0
4791	0	0	0	0	0	0	0	0	0	0	0	0	0	0	0	0	0	0	0	0	0	0
4792	0	0	0	0	0	0	0	0	0	0	0	0	0	0	0	0	0	0	0	0	0	0
4793	0	0	0	0	0	0	0	0	0	0	0	0	0	0	0	0	0	0	0	0	0	0
4794	0	0	0	0	0	0	0	0	0	0	0	0	0	0	0	0	0	0	0	0	0	0
481	0	0	0	0	-0.3223830774845203	0	0	0	-0.2300171278182581	0	0	0	0	0	0	0	0	0	0	0	0	0
4817	0	0	0	0	0	0	0	0	0	0	0	0	0	0	0	0	0	0	0	0	0	0
4836	0	0	0	0	0	0	0	0	0	0	0	0	0	0	0	0	0	0	0	0	0	0
4846	0	0	0	0	0	0	0	0	0	0	0	0	0	0	0	0	0	0	0	0	0	0
4850	0	0	0	0	0	0	0	0	0	0	0	0	0	0	0	0	0	0	0	0	0	0
4851	0	0	0	0	0	0	0	-1.2959003707402748	0	0	0	-0.5022521240644335	-0.2187079243647499	0	0	-1.2424745305835645	0	0	0	0	-0.4072057281262672	-1.4889606900724053
4860	0	0	0	0	0	0	0	0	0	0	0	0	0	0	0	0	0	0	0	0	0	0
4864	0	0	0	0	0	0	0	0	0	0	0	0	0	0	0	0	0	0	0	0	0	0
4891	0	0	0	0	0	0	0	0	0	0	0	-0.3796189097254663	0	0	0	0	0	0	0	0	0	0
4893	0	0	0	0	0	0	0	0	0	0	0	0	0	0	0	0	0	0	0	0	0	0
4925	0	0	0	0	0	0	0	-1.060876876512273	-0.5851639490966051	0	-0.4892670119140039	0	0	0	0	0	0	0	0	0	0	0
4927	0	0	0	0	0	0	0	0	0	0	-0.5227838110948694	0	-0.14359299264070224	0	0	0	0	0	0	0	0	0
4931	0	0	0	-0.7417076001118869	0	0	0	0	0	0	-0.4281702379474028	0	0	-0.7920599626614256	0	0	0	0	0	0	0	0
4998	0	0	0	0	0	0	0	0	0	0	0	0	0	0	0	0	0	0	0	0	0	0
501	0	-1.0464836293951507	-2.6088900318206467	0	-1.5370157236078468	0	0	-2.115067874505624	0	-0.45369510553607534	0	0	0	-1.566082966925412	-0.900820139459568	0	-0.818454312849758	0	0	0	0	0
5018	0	0	0	0	-0.7435622600536383	0	0	-0.7999331705037925	-0.13787857667807077	0	0	0	-0.2582460771316528	-0.8828268880034384	0	-0.6894611150423329	0	-0.5020148568677637	0	0	0	0
5019	-0.5437317294417943	0	0	0	0	0	0	0	0	0	0	0	0	0	0	0	0	0	0	0	-0.5694618483320735	0
5048	0	0	0	0	0	0	0	0	0	0	0	0	-0.3567143021815297	0	0	0	0	0	0	0	0	0
5050	0	-0.992258980718116	0	0	0	0	0	0	0	0	0	0	0	-1.2361104691482472	0	0	0	0	0	0	0	-1.0625564032647712
5054	0	0	0	0	0	0	0	0	0	0	0	0	0	0	0	0	0	0	0	0	-0.9828449547003448	0
5058	0	0	0	0	0	0	0	0	0	0	0	0	0	0	0	0	0	0	0	0	0	0
50810	0	0	0	-0.69917769991886	-1.3035372033015191	0	0	-0.47850761863669233	0	0	0	0	-0.6746404734578865	0	-0.7291230836784899	0	0	0	0	0	0	-0.7452477992319408
50813	0	0	0	0	0	0	0	0	0	0	0	0	0	-0.3420568802756452	0	0	0	-0.80601536334038	0	0	0	0
50814	0	0	0	0	0	0	0	0	0	0	0	0	0	0	0	0	0	0	0	0	0	0
50865	0	0	0	0	0	0	0	0	0	0	0	0	0	-1.0784316494896418	0	0	0	0	0	0	0	0
5092	0	0	0	0	0	0	0	-0.30428679505259765	-0.21669371068430307	0	0	0	0	-1.0648422799065642	0	0	0	-0.965957664181896	0	0	0	0
5096	0	0	0	0	0	0	0	-0.3535009771679508	0	0	0	0	0	-0.9508225517765216	0	0	0	-0.9812498681465466	0	0	0	0
51001	0	0	0	0	0	0	0	0	0	0	0	-0.21251591366221503	0	0	0	0	0	0	0	0	0	0
51005	0	0	0	-0.5702992770913388	-0.3958783586975901	0	0	-1.9086291638042188	-0.6391684120576798	-0.3250472861697447	0	0	0	0	0	-1.2125265334303554	0	0	0	0	0	-1.673563098947522
51015	0	0	0	0	0	0	0	0	0	0	0	0	0	0	0	0	0	0	0	0	0	0
51021	0	-0.7427855401061353	0	0	-0.2638711735901332	0	0	0	0	0	0	0	-0.34447761891107065	-0.4736690786717127	0	0	0	0	0	0	0	0
51024	0	0	0	0	-0.4194884383117149	0	0	-0.4559358053992563	-0.401505963909636	0	0	0	0	-1.4469238701940292	0	0	0	0	0	0	0	0
51026	0	0	0	0	0	0	0	0	0	0	-0.7503515934968391	0	0	0	0	0	0	0	0	0	0	0
51031	0	0	0	0	-0.4907884264892067	0	0	-0.4243114681126615	-0.22499277481033628	-0.10715414358903952	-0.32773553977655173	0	-0.2754921211656693	0	0	0	0	-0.3994471331210384	0	0	0	0
51053	0	0	0	0	0	-0.7566443401185106	0	0	0	0	0	0	0	0	0	0	0	0	0	0	0	-0.6728548111263895
51056	0	0	0	0	0	0	0	0	0	0	0	0	0	0	0	0	0	0	0	0	0	0
5106	0	0	0	0	0	0	0	0	0	0	0	0	0	-1.0933423392066646	-0.6754989865470512	0	0	0	0	0	0	0
51070	0	0	-1.103089677526717	0	0	0	0	0	0	-0.48231573408236816	0	0	0	-0.8721709907413768	0	0	0	0	0	0	0	0
51071	0	0	0	0	0	0	0	0	0	0	0	0	0	0	0	0	0	-0.7237474448856841	0	0	0	0
5108	0	0	0	-0.5486388326540367	-1.34978990425995	-0.5781753506752498	0	-0.2200546824496077	-0.4779411194401845	-0.15387950872241463	0	0	-0.3380793483549029	-1.637920955544664	-1.408566411747333	-0.89949066818026	0	0	0	0	0	0
51097	0	0	0	0	0	-0.4064549170390744	0	-0.666114262744906	-0.4264717836249465	-1.069261596534571	0	0	0	0	-0.7036706016524648	0	0	0	0	0	0	0
5110	0	0	0	0	0	0	0	0	0	0	0	0	0	0	0	0	0	0	0	0	0	0
5111	0	0	0	0	0	-1.421081634153981	0	-0.6690806542617305	-0.3004984779358282	0	0	0	-0.5493501810557077	0	0	-0.8638110645626528	0	0	0	0	0	-0.9591530422732252
51116	0	0	0	0	0	0	0	0	0	0	0	0	0	0	0	0	0	0	0	0	0	0
51160	0	0	0	0	0	0	0	0	0	0	0	-0.3809086031485884	-1.8271233588000757	0	0	0	0	0	0	0	0	0
51170	0	0	0	0	-0.3898266737873826	0	0	0	0	-0.5526679159536925	0	0	0	-0.9889373801968756	-1.296758161491374	-0.5355810128491475	0	0	0	0	0	0
51203	0	0	0	0	0	-2.461112545322138	0	-0.7679457721019004	-1.3409978392312054	0	0	0	0	0	-0.9022046849658084	-1.187235661464253	0	0	0	0	0	0
51282	0	0	0	0	0	0	0	0	0	0	0	0	0	-0.9328609666407645	0	0	0	-0.5954918671516695	0	0	0	0
51293	0	0	0	0	0	0	0	-1.244596493012749	0	0	0	-0.2623883510193024	0	-0.9522501768643024	0	0	0	0	0	0	0	0
51335	0	0	0	0	0	0	0	0	0	0	0	0	0	0	0	0	0	0	0	0	0	0
51375	0	0	0	0	0	0	0	0	0	0	0	0	0	0	0	0	0	0	0	0	0	0
51382	0	0	0	0	0	0	0	0	0	0	0	0	0	0	0	0	0	0	0	0	0	0
51385	0	0	0	-1.4279279464526276	-0.854378467242721	-0.804725118196153	0	-1.3226181583108545	-0.6681226673798095	-0.4670433275598277	0	-0.525010276009242	-0.8110912662723945	0	-0.7191362598374103	-2.054906766026333	0	0	0	0	0	-1.8345130228272983
51422	0	0	0	0	0	0	0	0	0	0	0	0	0	0	0	0	0	0	0	0	0	0
51465	0	0	0	0	0	0	0	0	0	0	0	0	0	0	0	0	0	-0.7244158220736957	0	0	0	0
51466	0	0	0	0	0	-0.6212858109477477	0	0	-0.17711711576356762	-0.25213006795820103	-0.641153610153307	0	-0.3945757706700346	-3.472253547221277	0	-0.6797977561606255	0	-1.0792603769375386	0	0	-0.3683936931057848	0
51495	0	0	0	0	-0.6866235605530437	0	0	-0.7817756741407428	0	0	-0.5915353051603236	0	-0.4706513093611479	-1.1069764668361557	-0.7073138206609347	0	0	0	0	0	0	0
5154	0	-1.1158509910159766	-1.544870149746601	0	-0.4414322951007549	0	0	0	0	0	0	0	0	0	0	0	0	0	0	0	0	0
51569	0	0	0	0	0	0	0	0	0	0	-0.5364062970569881	0	0	0	0	0	0	0	0	0	0	0
51599	0	0	0	0	-0.496873823589001	0	0	0	0	0	0	0	0	0	0	0	0	0	0	0	0	-1.8586266135363971
51635	0	0	0	0	-0.43255717347963735	0	0	0	0	0	0	0	0	0	0	0	0	0	0	0	0	0
51719	0	0	0	0	-0.9574032595290914	-0.46748305407445023	0	0	-0.43206667558586587	0	0	0	0	0	0	0	0	0	0	-0.5799627107529393	-0.2539668804682886	-0.8655280457573974
51742	0	0	0	0	0	0	0	0	0	0	0	0	0	0	0	0	0	0	0	0	0	0
5211	0	0	0	0	0	0	0	0	0	0	0	0	0	0	0	0	0	-0.711835414774152	0	0	0	0
5223	0	0	0	0	0	0	0	0	0	0	0	0	0	0	0	0	0	0	0	0	0	0
5236	0	0	0	0	-0.5781692913382246	0	0	-0.49100311005737296	-0.36482322884375307	0	0	0	0	0	0	0	0	0	0	0	0	0
5255	0	0	0	0	-1.8887346151118816	0	0	-0.8564715064526288	-0.6009783817947079	0	0	0	-0.6711096199352848	0	0	0	0	0	0	0	0	0
5257	0	0	0	0	0	0	0	-0.319669531177643	-0.2833361618530727	-0.21005589049439535	0	0	-0.6209177733178076	0	0	0	0	0	0	0	0	0
5261	0	0	0	0	0	0	0	0	0	0	0	-0.2754117029915545	-0.5540839365510967	0	0	-0.8080618154013931	0	0	0	0	0	-0.4471475864085453
5287	0	0	0	0	-1.6725720211287955	0	0	-2.273764314802149	-0.6336833102570841	0	-0.6289035107707025	-0.19400979440174423	0	0	0	-0.6703762184444131	0	0	0	0	0	-2.514134304511353
5289	0	0	0	0	0	0	0	0	0	0	0	0	0	0	0	0	0	0	0	0	0	0
5290	0	0	0	0	0	0	0	0	0	-0.16129052444454317	0	0	0	0	0	0	0	0	0	0	0	0
5300	0	0	0	0	0	0	0	0	0	0	0	0	0	0	0	0	0	0	0	0	0	0
5321	0	0	0	0	0	0	0	0	0	0	0	0	0	0	0	0	0	-1.7285201638851575	0	0	0	0
533	0	0	0	0	0	0	0	0	0	0	0	-0.2663423638704132	0	0	0	0	0	-0.7903570374011298	0	0	0	0
5331	0	0	0	0	0	0	0	0	-0.209735779068908	0	0	0	0	0	0	0	0	0	0	0	0	-0.417332479192205
53343	0	0	0	0	0	0	0	0	0	0	0	0	0	-0.547759224780269	0	0	0	0	0	0	0	0
5347	0	0	0	0	-0.7254905371888187	-2.688935606680361	0	0	-1.3940987517791386	0	0	-0.377371166994481	-0.631319663105728	0	0	0	0	0	0	0	0	0
5355	0	0	0	0	-1.6642783610911376	0	0	0	0	0	0	0	0	0	0	0	0	0	0	0	-0.4727177453951991	0
5357	0	0	0	0	-1.1501431564792437	0	0	0	0	0	0	0	0	0	0	0	0	0	0	0	0	0
5359	0	0	0	0	0	0	0	0	0	0	0	0	0	0	0	0	0	0	0	0	0	0
5366	0	0	0	0	0	0	0	0	0	0	0	0	0	0	0	0	0	0	0	0	0	0
5373	0	0	0	0	0	0	0	0	0	0	0	0	0	0	0	0	0	0	0	0	0	0
54205	0	0	0	0	0	0	0	0	0	0	0	0	0	0	0	0	0	-0.539301338985952	0	0	0	0
5423	0	0	0	0	0	0	0	0	0	0	0	0	0	0	0	0	0	0	0	0	0	0
5427	0	0	0	0	0	-1.7871862973581578	0	0	0	0	0	0	-0.7955205955852285	0	0	0	0	0	0	0	0	0
5438	0	-0.9939123876777748	0	0	-0.8873804210803301	0	0	0	0	0	0	0	0	0	0	0	0	0	0	0	0	0
54386	0	0	0	0	0	0	0	0	0	0	0	0	0	0	0	0	0	0	0	0	0	0
5440	0	0	0	0	0	0	0	0	0	0	0	0	0	0	0	0	0	0	0	0	0	0
54438	0	0	0	-0.9258256932791056	-0.6437938297606446	0	0	0	0	-0.48910039747701706	-1.121804727312358	-0.1882793603799202	0	-1.422936558667834	0	-1.6833156423823947	0	-1.3481362531521464	0	0	0	0
54442	0	0	0	0	0	0	0	0	-0.22792314498397467	0	0	0	0	-0.8229916983080457	0	0	0	-0.5101388824263807	0	0	0	-0.3613900081680323
54499	0	0	0	0	0	0	0	0	0	0	0	0	0	-0.782740787359736	0	0	0	0	0	0	0	0
54505	0	0	0	0	0	0	0	0	0	0	0	0	0	0	0	0	0	0	0	0	0	0
54512	0	0	0	0	0	0	0	0	0	0	0	-0.238103361743262	0	-1.27898005100327	0	0	0	0	0	0	0	0
54541	0	0	0	0	-0.9185184050675717	0	0	0	0	0	0	0	0	0	0	0	0	0	0	0	0	0
54623	0	0	0	0	0	0	0	0	0	0	0	0	0	0	0	0	0	0	0	0	0	0
5467	0	0	0	0	0	0	0	0	0	0	0	0	0	-0.8611629153409641	0	0	0	0	0	0	0	0
5468	0	0	0	0	-1.5589856184014166	0	0	0	-0.8415700929653185	0	0	0	0	0	0	0	0	0	0	0	0	0
54681	0	0	0	0	-1.033276519472312	0	0	0	-0.3757268827891987	0	0	-0.5276315429811196	-0.8108652686361942	-1.1178626891742331	0	0	0	0	0	0	0	-0.4682555074643808
54733	0	0	0	0	0	0	0	0	0	0	0	-0.4846506693452916	-0.292304420010584	0	0	0	0	0	0	0	0	0
5480	0	0	0	0	0	0	0	0	0	0	0	0	0	-2.2334214731422124	0	0	0	-1.217283492948816	0	0	0	0
54807	0	0	0	0	0	0	0	0	0	-0.29785439292244514	0	0	-0.3914610151346861	0	0	0	0	0	0	0	0	0
54850	0	0	0	0	0	0	0	0	0	0	0	0	0	0	0	0	0	0	0	0	0	0
54881	0	0	0	0	0	0	0	0	0	0	-0.36614614559655706	0	-0.2974873203626811	0	0	0	0	0	0	0	0	0
54915	0	0	0	0	0	0	0	0	0	0	0	0	-0.17059548433278435	0	0	0	0	0	0	0	0	0
54957	0	0	0	0	0	0	0	0	0	0	0	0	0	0	0	0	0	0	0	0	0	0
5498	0	-1.590183727374508	0	0	-1.1163730514073238	0	0	-0.701749482093239	0	0	0	0	-0.6442564423801654	-0.9580755564421604	0	-1.2082541147897878	0	0	0	0	0	-1.0113659339653964
55008	0	0	0	0	0	0	0	0	0	0	-0.9830837241646132	-0.22159511357797013	0	0	0	0	0	0	0	0	0	0
55011	0	0	0	0	0	0	0	0	0	0	0	0	-0.5326349161093284	-1.0471170440437398	0	0	0	0	0	0	0	0
55012	0	0	0	0	0	0	0	0	0	0	0	0	0	0	0	0	0	0	0	0	0	0
55033	0	0	0	0	-0.9900643600526544	0	0	-0.5303244715181822	0	0	0	0	-0.7953325466632739	0	0	0	0	0	0	0	0	0
55038	0	0	0	0	0	-0.9285790867471004	0	0	-0.5923157323102203	0	-0.4828499219173284	0	-0.426270340585702	0	0	0	0	0	0	0	0	0
55111	0	0	0	0	0	0	0	0	0	0	0	-0.3593879227822101	-0.3368355665123028	0	0	0	0	0	0	0	0	0
55127	0	0	0	0	-0.3919852149757432	0	0	-0.6174401426944821	0	0	0	-0.22531797863712125	-0.43806765409992393	0	0	0	0	0	0	0	0	0
55129	0	0	0	0	0	0	0	0	0	-0.4970199199582927	0	0	-0.2594432451030754	-1.4658752098729737	0	0	0	0	0	0	0	0
55148	0	0	0	0	0	0	0	0	0	0	0	0	0	-0.9244871924057212	0	0	0	0	0	0	0	-0.38770888479244464
55179	0	0	-1.1888269187011478	0	0	0	0	0	0	0	0	0	0	0	0	0	0	0	0	0	0	0
5525	0	0	0	0	-0.5870018624495034	0	0	-0.29798656281524133	-0.34168971944069165	-0.139588838033913	0	0	0	0	0	0	0	0	0	0	0	0
55256	0	0	0	0	0	0	0	-0.21475497431200977	0	-0.3312501195298574	0	0	0	-0.5653846354165306	0	0	0	0	0	0	0	0
5529	0	0	0	0	0	0	0	0	0	0	-0.4133955959423328	0	0	0	0	0	0	0	0	0	0	0
55324	0	0	0	0	0	0	0	0	0	0	0	0	0	-0.7071015049306999	0	0	0	0	0	0	0	0
5547	0	0	0	0	-1.0196753728175296	0	0	-0.6889548044626975	-0.35687417316795866	0	0	0	0	-1.0072887309306962	0	0	0	-1.6906600853360705	0	0	0	0
55556	0	-1.6557687470018148	-1.263061724402076	0	-0.6451504130599324	0	0	-0.9241479219459422	-0.2762274930239926	0	-0.6246781124429912	0	-0.43752352250143	0	0	0	0	0	0	0	0	0
55604	0	0	0	0	-0.5934152400723905	0	0	0	0	0	-0.7326039551770258	0	0	0	0	-0.7093802099818304	0	0	0	0	0	0
55608	0	0	0	0	0	0	0	0	0	0	0	0	-0.4180957120145972	0	0	0	0	0	0	0	0	0
55620	0	-1.6477300204536118	-2.546071618853701	0	0	0	0	0	0	0	0	0	-0.8190064051493982	0	0	0	0	0	0	0	0	0
5566	0	0	0	0	0	0	0	0	0	0	0	0	0	0	0	0	0	0	0	0	0	0
55699	0	0	0	0	-0.44279043980090615	0	0	0	0	0	0	0	-0.2010014077212012	0	0	0	0	0	0	0	0	0
55746	0	0	0	0	-0.3261111543673462	0	0	-0.2872034545693039	0	0	0	0	-0.2075376806260842	0	0	-0.6652303974547088	0	0	0	0	-0.2445470861850406	-0.36495473144030166
55748	0	0	0	0	0	0	0	0	0	0	0	0	0	0	0	0	0	0	0	0	0	0
55793	0	0	0	0	-0.4556567256157743	0	0	0	0	-0.3531934650964549	0	0	0	-0.7113514933420009	0	-0.9395144586546016	0	0	0	0	0	-0.5389903943562185
5580	0	0	0	0	0	0	0	0	0	0	0	0	0	0	0	0	0	0	0	0	0	0
55818	0	0	0	-1.2514684614208351	-0.33867589619790256	0	0	0	0	-0.35316058321679256	0	0	0	0	-1.3673139861910253	0	0	0	0	0	0	0
55825	0	0	0	0	-0.8163464896074201	0	0	-0.9141747745261968	0	0	0	0	0	0	0	0	0	0	0	0	0	-1.0235595081507354
5583	0	0	0	0	0	0	0	0	0	0	-0.5682971836989658	0	0	0	0	0	0	0	0	0	0	0
55837	0	0	0	0	0	0	0	0	0	0	0	0	0	0	0	-0.5925303889793361	0	0	0	0	0	0
55847	0	0	0	0	0	0	0	0	0	0	0	0	0	-1.8902834736966336	0	-0.613482295217648	0	0	0	0	0	0
5588	0	0	0	0	0	0	0	0	0	0	-0.49625842122268543	0	0	0	0	0	0	0	0	0	0	0
55893	0	0	0	0	0	-0.9567332144117404	0	0	0	0	0	0	0	0	0	0	0	0	0	0	0	0
55958	0	0	0	0	0	0	0	0	0	-0.3195334701891436	0	0	-0.12872445846468775	0	0	0	0	0	0	0	0	0
5601	0	0	0	0	-0.7271940732068689	0	0	-0.39283208287191673	0	0	0	0	0	0	0	0	0	0	0	0	0	-0.28792202176699994
5603	0	0	0	0	-0.5416682390962685	0	0	0	-0.13522725344039652	0	0	0	-1.1505486892128056	0	0	0	0	0	0	0	0	0
5607	0	0	0	0	-0.6534184805682043	0	0	0	0	0	0	0	0	-1.643026969843092	-0.9667952251889	-1.1184535583774935	0	0	0	0	0	-0.5370471516632097
5613	0	0	0	0	0	0	0	-0.4485633053062235	0	0	-0.6122156439835325	-0.3296882356438004	-1.0969481361436009	-1.3316281309165312	0	0	0	0	0	0	0	-0.5857152648748162
5627	0	0	0	0	-1.2353465860272237	0	0	0	0	0	0	0	-0.5737596816068057	-2.1106753690498645	-1.8758485160446	0	0	0	0	0	0	0
5641	0	0	-1.3213303559493654	0	0	0	0	-1.8374983580983355	0	-1.5649892257502194	0	-0.30537961218707826	0	0	-2.0476233467980784	0	0	0	0	0	0	0
5654	0	0	0	0	0	0	0	-2.036767021538212	0	0	0	-0.3333975811216089	-0.8852249315203857	0	0	-0.8179107832588046	0	0	0	0	0	0
56654	0	0	0	0	0	0	0	-1.0758871099188645	0	0	0	-0.17498138409947686	0	-1.9633964247315585	0	0	0	0	0	0	0	-1.3671893909676882
56889	0	0	0	0	0	0	0	0	0	0	0	0	-0.18405704202992243	0	0	0	0	0	0	0	0	0
56924	0	0	-3.736071885689545	0	0	0	0	0	0	-0.943388117036368	0	0	0	-5.755506100171181	-1.9173409233982737	0	0	0	0	0	0	0
56940	0	0	0	0	0	0	0	0	0	0	0	0	0	0	0	0	0	0	0	0	0	-0.6605353679626745
5696	0	0	0	0	0	0	0	0	0	0	0	0	0	0	0	0	0	0	0	0	0	0
5699	0	0	0	0	0	0	0	0	0	0	0	0	0	0	0	0	0	-0.4745573325569009	0	0	0	0
56997	0	0	0	-0.6951912000712366	-0.5931742145590705	-0.6710066577813252	-0.5106555191158876	-0.8148115736082813	-0.28744593915600253	-0.3010826931907325	0	-0.35577099356232306	-0.939322331364304	-1.0807827399043748	-0.8627353566752813	-1.7170366480364498	0	0	0	0	-0.511284326003018	-1.055829048575713
57019	0	0	0	0	0	0	0	0	0	0	0	0	0	0	0	0	0	0	0	0	0	0
57048	0	0	0	0	0	0	0	0	0	0	0	0	0	0	0	0	0	0	0	0	0	0
5708	0	0	0	0	0	0	0	0	0	0	0	0	0	0	0	0	0	0	0	0	0	0
5710	0	0	0	0	0	0	0	0	0	0	0	0	0	0	0	0	0	0	0	0	0	0
57147	0	0	0	0	0	0	0	0	0	0	0	0	0	0	0	0	0	0	0	0	0	0
57149	0	0	0	0	0	0	0	0	0	0	0	0	0	0	0	0	0	0	0	0	0	0
5715	0	0	0	0	0	0	0	0	0	0	0	0	0	0	0	0	0	0	0	0	0	0
5716	0	0	0	0	0	0	0	0	0	0	0	0	0	0	0	0	0	0	0	0	0	0
57178	0	0	0	0	0	0	0	-0.784139596972112	0	0	0	0	0	0	0	-0.9543649538598228	0	0	0	0	0	0
57192	0	0	0	0	-1.7245116376363778	0	0	0	-0.5608307909690936	0	0	0	0	-1.554105017655154	0	0	0	-0.7271952237531633	0	0	0	-0.5903794499400548
572	0	0	0	0	-0.3773008440647311	0	0	0	-0.582101770231125	0	0	0	0	0	0	-0.4714988135700444	0	0	0	0	0	-0.5201796809449549
5720	0	0	0	0	0	0	0	0	0	0	0	0	0	0	0	0	0	0	0	0	0	0
5721	0	0	0	0	0	0	0	0	0	0	0	0	0	0	0	0	0	0	0	0	0	0
57215	0	0	0	0	0	0	0	-0.5242502722070348	0	0	0	0	0	-0.503923993942785	0	-0.6626816801638237	0	0	0	0	0	-0.5369512106324774
57406	0	0	0	-0.5968691113336818	-0.7757032157044428	0	0	-0.7098306386842054	-0.9071192145267044	-0.6506822177313921	-0.328110149043487	-0.27649623688089264	0	-0.9923082637176064	0	-1.2794305696505843	0	0	0	0	0	-0.6635951691237391
5743	0	0	0	0	0	0	0	0	0	0	0	0	0	0	0	0	0	0	0	0	0	0
5747	0	0	0	0	0	0	0	0	0	0	0	0	0	0	0	0	0	0	0	0	0	0
5770	0	0	0	0	0	0	0	0	0	0	0	0	0	0	0	0	0	0	0	0	0	0
57761	0	0	0	0	-2.879269447137207	0	0	0	-1.7704235541085818	0	0	0	0	-1.2637548193707138	0	0	0	0	0	0	0	0
5777	0	0	0	0	0	0	0	0	0	0	0	0	0	-2.13855142624242	0	-1.1021494023564853	0	-0.953529292331032	0	0	0	0
57804	0	0	0	0	-0.5061380087981134	0	0	0	0	0	0	0	0	-0.8571694002743884	0	0	0	0	0	0	0	0
5782	0	0	0	0	0	0	0	0	0	0	0	0	0	0	0	0	0	0	0	0	0	0
5788	0	0	0	0	0	0	0	0	0	0	0	0	0	0	0	0	0	0	0	0	0	0
5792	0	0	0	0	0	0	0	0	0	0	0	-0.390331186411903	-0.8850640634148633	0	0	0	0	0	0	0	0	0
5796	0	0	0	0	0	0	0	0	0	0	-1.1517648343413744	0	-0.29041320162583667	0	0	0	0	0	0	0	0	0
581	0	0	0	0	0	0	0	-0.27458805737879205	-0.1761692652525026	0	0	0	-0.2541209243930278	0	0	0	0	0	0	0	0	-0.9657066055720314
5827	0	0	-1.5685484826206582	0	-0.9934458458898408	0	0	0	0	-1.3024544593600649	-2.512566864720087	0	0	0	0	-1.0067418848614125	0	0	0	0	0	0
5829	0	0	0	0	0	0	0	0	0	0	0	0	0	0	0	0	0	0	0	0	0	0
5831	0	0	0	0	0	0	0	0	0	0	0	0	-0.8381048822779305	0	0	0	0	0	0	0	-0.4430712582930804	0
5836	0	0	0	0	-2.0363371706920206	-1.0361093891531372	0	0	-1.008060277146504	0	0	0	-0.2900170965249456	0	0	-0.6353823860196067	0	0	0	0	-0.2175949635814059	-0.9053573495395816
58472	0	0	0	0	0	0	0	0	0	0	0	0	0	0	0	0	0	0	0	0	0	0
58478	0	0	0	0	0	0	0	0	-0.2265458196008933	0	0	0	0	-0.4897797373014368	0	0	0	0	0	0	0	0
58497	0	0	0	-0.7959851681379502	-0.340730967227328	0	0	0	0	0	0	0	0	0	0	-1.1082893270189045	0	0	0	0	0	0
58533	0	0	0	0	0	0	0	-0.17231458051868231	0	0	0	0	0	0	0	0	0	0	0	0	0	-0.4457781369818565
5867	0	0	0	0	-0.8806349241368648	0	0	-0.5899175765266096	-0.2775421910313129	-0.2628679311044093	0	0	-1.4375970110379883	-0.4838467021670594	0	-0.5595943897631851	0	-0.7491711562616842	0	0	-0.5947821510533551	-0.4080198309016913
5873	0	0	0	0	-0.6834119686550469	0	0	0	-0.6595414020388697	0	0	0	-0.3532403933199637	0	0	0	0	0	0	0	0	0
5880	0	0	0	0	-1.04860885272307	0	0	0	0	0	0	0	0	-1.426623767931798	0	0	0	-0.7444707154355079	0	0	0	0
5883	0	-1.1809214322674544	0	0	0	0	0	0	0	0	0	0	-0.14183846988041027	0	0	-0.8111721053742702	0	0	0	0	0	-0.9069105297338864
5889	0	0	-1.6585312662986844	0	0	0	0	0	-0.4102804616945647	0	0	0	0	-0.8209025038576636	0	0	0	0	0	0	0	0
5891	0	0	-2.857522226535356	0	0	0	0	0	0	0	-0.591726103006551	0	-0.32174584425876507	0	0	0	0	0	0	0	0	0
5898	0	0	0	0	0	0	0	0	0	0	-0.5128611175434254	0	0	0	0	0	0	0	0	0	0	0
5899	0	0	0	0	0	0	0	0	0	0	0	0	0	0	0	0	0	0	0	0	0	0
5900	0	0	0	0	0	0	0	-0.5268776945872748	0	0	0	-0.3754459007489047	-0.3866327565867724	0	0	0	0	0	0	0	0	0
5909	0	0	0	0	0	0	0	0	-0.5986076009409741	0	0	0	0	-2.41023458081751	0	-0.8539295076382224	-0.8915303142078732	0	0	0	0	0
5921	0	0	0	0	0	0	0	0	0	0	0	0	0	0	0	0	0	0	0	0	0	0
5925	0	0	0	0	0	0	0	-0.4563089249129787	0	0	0	0	0	0	-0.6512428491200802	-1.052579180114822	0	0	0	0	0	0
5927	0	0	0	0	0	0	0	0	0	0	0	0	-0.10964955730054382	0	0	0	0	0	0	0	0	0
595	0	0	0	0	-0.8013180241254038	0	0	0	0	0	0	-0.7083945026112445	0	0	0	0	0	-1.8974684527188352	0	0	0	0
596	-0.6903402320749228	0	0	0	0	0	0	0	0	0	-0.7139927509088647	0	0	0	0	0	0	0	0	0	0	0
5971	0	0	0	0	0	0	0	0	0	0	0	0	0	0	0	0	0	0	0	0	0	0
5982	0	0	0	0	0	-0.9866023732207444	0	0	-0.3494415700434094	0	0	0	0	-0.8303097667845977	0	0	0	0	0	0	0	0
5985	0	0	0	0	0	-1.038896759407483	0	0	0	0	0	0	-0.12283207324134728	-0.578261831626458	0	-1.232989579279419	0	0	0	0	0	0
5986	0	0	0	0	-0.7936063487695539	0	0	0	-0.3318380468777646	-0.26028169816698854	0	-0.22236909216210235	-0.3519250442775529	-0.9378698996100832	0	0	0	0	0	0	0	-0.4216275883769831
5993	0	0	0	0	0	0	0	-0.8223366677169888	0	0	0	0	0	0	0	0	0	0	0	0	0	0
5997	0	0	0	0	0	0	0	0	0	0	0	0	0	0	0	0	0	0	0	0	0	0
6009	0	0	0	0	0	0	0	0	0	0	0	0	0	0	0	0	0	0	0	0	0	0
60493	0	0	0	0	0	0	0	0	0	0	0	0	-0.3455124803788696	0	0	0	0	0	0	0	0	0
6050	0	0	0	0	0	0	0	0	0	0	0	0	0	0	0	0	0	0	0	0	0	0
60528	0	0	0	0	0	0	0	-0.5899303159064885	0	0	0	-0.3058599770347849	-0.1956300116645432	-0.4122771343314202	0	0	0	0	0	0	0	0
6117	0	0	0	0	0	0	0	0	0	0	0	0	0	0	0	0	0	0	0	0	0	0
6118	0	0	0	0	0	0	0	0	0	0	0	0	0	0	0	0	0	0	0	0	0	0
6119	0	0	0	0	0	0	0	0	0	0	0	0	0	-1.0030510520617926	0	0	0	0	0	0	0	0
6182	0	0	0	0	0	0	0	0	0	0	0	0	0	-1.3884014594196727	0	0	0	0	0	0	0	0
6184	0	0	0	0	0	0	0	0	0	0	0	0	0	-0.6674963794521184	0	0	0	0	0	0	0	0
6193	0	0	0	0	-0.5751906814948734	0	0	-0.7818135838700299	0	0	0	0	-0.2456232584192932	-0.7685855071151946	0	0	0	0	0	0	0	0
6194	0	0	0	0	-1.0037877450994634	0	0	-0.6635693249395693	0	0	0	0	-0.49766959011044826	-0.7070975680350104	0	0	0	0	0	0	0	0
6195	0	0	0	0	-0.7764327266907018	-0.6839526036677945	0	0	-0.5920066803386274	0	0	0	0	-0.5410467628673842	0	0	0	-0.9632064122057176	0	0	0	0
622	0	0	0	-0.6185268905676142	-1.4335746334543185	0	0	0	-0.485467447384929	0	-0.7173928685019539	0	-0.6852956805283904	-2.136439657189288	0	0	0	0	0	0	0	0
6251	0	0	0	0	0	0	0	-0.3472707472351536	0	0	0	0	0	0	0	0	0	-0.7425498815246289	0	0	0	0
6253	0	0	0	0	0	0	0	0	0	0	0	0	0	0	0	0	0	-0.9463820990916644	0	0	0	0
6275	0	0	0	0	-2.790941129671575	-1.284598335743611	0	-1.248451701810375	-1.154924360928422	0	0	0	-0.148388547867515	-4.208064448037308	-1.3723808402287083	0	0	0	0	0	-0.6933087742230221	0
6284	0	-1.550903398885331	0	0	-1.0704246538512263	0	0	0	-0.5194099142356735	0	0	0	-0.2665535290826214	-1.345811432903549	0	0	0	0	0	0	0	0
6304	0	0	0	0	0	0	0	-0.672542132253025	-0.40754164094114537	0	-0.6004115256522913	0	0	0	0	0	0	0	0	0	0	0
6342	0	0	0	0	0	0	0	0	0	0	0	0	0	0	0	0	0	0	0	0	0	0
6347	0	0	0	0	0	0	0	0	0	0	-2.512501918446856	0	-3.351964801039728	0	0	0	0	0	0	0	0	0
637	0	0	0	0	0	0	0	0	0	0	0	0	0	0	0	0	0	0	0	0	0	0
63874	0	0	0	0	-0.7399458031899485	0	0	0	0	-0.2645274569385789	0	0	0	0	0	0	0	0	0	0	0	0
6390	0	0	0	0	0	0	0	0	0	0	0	0	0	-0.7515812938349491	0	0	0	-0.8582076275495079	0	0	0	0
63933	0	0	-0.7315668445850241	0	0	0	0	0	0	0	0	0	-0.4424940729611785	-1.4590138486119444	0	0	0	0	0	0	0	0
64080	0	0	0	0	0	0	0	0	0	0	0	0	0	0	0	0	0	0	0	0	0	0
642	0	0	0	0	0	0	0	-0.4757590636180308	-0.27916457890984536	0	0	0	-0.4246620708681349	-0.4359064023366784	0	0	-0.42965285979003065	0	0	0	0	-0.3589276190598518
644	0	0	0	0	0	0	0	0	0	0	0	0	0	0	0	0	0	0	0	0	0	0
64422	0	0	0	0	0	0	0	0	0	0	0	0	0	0	0	0	0	0	0	0	0	0
64428	0	0	0	0	0	0	0	0	0	0	0	-0.31110328107209223	-0.3004872978027963	0	0	0	0	0	0	0	0	-0.6202623660259905
64429	0	0	0	0	0	0	0	0	0	0	0	0	-0.2416258578922265	0	0	0	0	0	0	0	0	0
6443	0	0	0	0	0	0	0	0	0	0	-0.8362919083684083	0	0	-1.3278020261237506	0	0	0	0	0	0	0	0
6461	0	0	0	-1.0018860942623675	-0.8742873618319766	0	0	-0.7284431478520463	-0.23617095188028367	0	0	0	0	-2.1900692210920494	-1.5716512539455094	-0.7139579986468534	0	0	0	0	0	-0.8553654546802488
6464	0	0	0	0	0	0	0	0	0	0	0	0	0	0	0	0	0	0	0	0	0	0
64746	0	0	0	0	0	0	0	0	0	0	0	0	0	0	0	0	0	0	0	0	0	0
64781	0	0	0	0	-1.0387870302168196	0	0	-0.8055041642757889	-1.2833348665522295	-0.2680954349011122	0	0	-1.2998253587999355	-1.4575905782844318	0	0	0	0	0	0	-1.007101101716172	0
64943	0	0	0	-0.7522726282087916	-1.4304989618209287	0	0	-0.930046665824246	-1.6922288164754644	0	0	0	-2.017510942121527	-1.9619881194284956	0	-0.7118592033751876	0	0	0	0	-1.4803947799675017	-1.3237999980419457
6499	0	0	0	0	0	0	0	0	0	0	0	-0.389654282775367	-0.6228645414923665	0	0	0	0	0	0	0	0	0
6500	0	0	0	0	0	0	0	0	0	0	0	0	0	0	0	0	0	0	0	0	0	0
65057	0	0	0	0	0	0	0	0	0	0	0	0	0	0	0	0	0	0	0	0	0	0
6509	0	0	0	0	0	0	0	0	0	0	0	0	0	0	0	0	0	0	0	0	0	0
65123	0	0	0	0	0	0	0	0	0	0	0	0	0	0	0	0	0	0	0	0	0	0
652	0	0	0	-1.465000550615146	0	0	0	0	0	0	0	0	0	0	0	0	0	0	0	0	0	0
6597	0	-0.7467082100227629	-0.843958347092644	0	0	0	0	0	0	0	0	0	0	0	0	0	0	0	0	0	0	0
6599	0	0	0	0	-0.6213743902987374	0	0	0	0	0	0	0	-0.5409679674265323	0	0	0	0	0	0	0	-0.3123874221445815	0
66008	0	0	0	0	0	0	0	0	0	-0.17844998205662896	0	0	-1.2888360486779176	0	0	0	0	0	0	0	0	0
6603	0	0	0	0	0	0	0	0	0	0	0	0	0	-0.8160673968679785	0	0	0	0	0	0	0	0
6616	0	0	0	0	0	0	0	0	0	0	0	0	0	0	0	0	0	0	0	0	0	0
6622	0	0	0	0	0	0	0	-0.7658659936276583	-0.790931495360924	0	0	0	0	0	0	0	0	0	0	0	0	-0.5720292502407094
664	0	0	0	0	-0.5895639135776659	0	0	0	0	0	0	0	0	0	0	0	0	0	0	0	0	0
665	0	0	0	0	0	0	0	0	0	0	0	0	0	0	0	-0.4670724916495186	0	0	0	0	0	0
6657	0	0	0	0	0	0	0	0	0	0	0	0	-0.8522950219628491	0	0	0	0	0	0	0	0	0
6659	0	0	0	-0.8777984679511192	-2.484612266985532	0	0	0	0	0	-0.5854074372686655	0	0	0	0	0	0	0	0	0	0	0
6676	0	0	0	0	0	0	0	0	0	0	0	0	0	0	0	0	0	0	0	0	0	0
6696	0	0	0	0	0	0	0	0	0	0	0	0	0	0	0	0	0	0	0	0	0	0
6697	0	0	0	0	0	0	0	0	0	0	0	0	0	0	0	0	0	0	0	0	0	0
670	0	-1.3002211655139946	-1.950530142787188	0	-0.5255512810671795	0	0	-1.4971376456851166	-0.6358430860585429	0	0	0	-0.48406765659400186	0	0	0	0	0	0	0	0	-0.4418626704111023
6709	0	0	0	0	-0.336862312297541	0	0	0	0	0	0	0	0	0	0	0	0	-0.5393115240718191	0	0	0	0
6714	0	0	0	0	0	0	0	0	0	0	0	-0.6137974455778299	0	0	0	0	0	0	0	0	0	0
672	0	0	0	0	-0.526095628727342	-1.275180265258647	0	-0.4827733744474603	0	0	0	0	0	0	-0.9763140191567188	-0.8737013842544405	0	0	0	0	0	0
6772	0	0	0	0	0	0	0	0	0	0	0	0	0	0	0	-0.6060357384893856	0	0	0	0	0	0
6774	0	0	0	0	0	0	0	0	0	0	0	0	0	0	0	0	0	0	0	0	0	0
6777	0	0	0	0	0	0	0	0	0	0	0	0	0	0	0	0	0	0	0	0	0	0
6790	0	0	0	0	0	-0.8535433959666037	0	0	0	0	0	0	0	0	0	-1.1412566960417576	0	0	0	0	0	0
6793	0	0	0	0	0	0	0	0	0	-0.1834773504900369	0	0	0	0	0	0	0	0	0	0	0	0
6804	0	0	0	0	0	0	0	0	0	0	0	-0.4728949358131185	0	0	0	0	0	0	0	0	0	0
6810	0	0	0	0	0	0	0	0	-0.18038392967842085	0	0	0	0	0	0	0	0	0	0	0	0	0
6812	-0.8172507630980865	-1.2945339117003782	-1.1433843122520235	0	-1.462905147112331	0	0	0	-0.929929714729814	0	0	0	0	-0.8831086129887894	0	-0.7829771059223789	0	0	0	0	0	-0.8767949100261798
6813	0	0	0	0	0	0	0	0	0	0	0	0	0	0	0	0	0	0	0	0	0	0
6832	0	0	0	0	0	0	0	0	0	0	-0.3245057349245899	0	0	-0.40014010961726	0	0	0	0	0	0	0	0
6839	0	0	0	0	0	-1.142361694833303	0	-0.8666168224362342	0	0	0	0	0	0	0	0	0	0	0	0	0	0
6850	0	0	0	0	-0.612986740144557	0	0	-0.5302225243731923	0	-0.7391996609872702	0	0	0	-2.110619752933666	-0.981560432933504	-1.301549479666667	0	-1.1804307556842168	0	0	-0.2800377887838959	-0.5689814914108009
6856	0	0	0	0	0	0	0	0	0	0	-0.5058911332696625	0	0	-1.144258779428943	0	0	0	0	0	0	0	0
6894	0	0	0	0	-0.5833216354349697	-0.4653760747947729	0	-0.891690885285967	0	0	-0.5164073502292016	0	-0.3284816066094048	-1.1264811832090544	-1.426073156009097	-1.0703575763024604	0	0	0	0	0	-0.7118283509930002
6908	0	0	0	0	0	0	0	0	0	0	0	0	0	0	0	0	0	0	0	0	0	0
6909	0	0	0	0	0	0	0	0	0	0	0	0	0	0	0	0	0	0	0	0	0	0
6915	0	0	-2.5524622089592555	0	0	0	0	0	0	0	0	0	0	0	0	0	0	0	0	0	0	0
6919	0	0	0	0	-0.8140977073607001	0	0	0	0	0	0	0	-0.8201085650655537	-0.8878678725707111	0	0	0	0	0	0	0	-0.6485197724599798
6944	0	0	0	0	0	0	0	0	0	0	0	0	0	0	0	0	0	0	0	0	0	0
695	0	0	0	0	0	0	0	0	0	0	0	0	-0.8628988135869945	-1.6520832770573173	-1.0240404793990436	-0.5767462249472225	0	-1.0163148701684337	0	0	0	0
6988	0	0	0	0	0	0	0	0	0	0	0	0	-0.2747327310590545	0	0	0	0	-0.7298213518516917	0	0	0	0
6990	0	0	0	0	0	0	0	0	0	0	-0.9380277563328524	0	0	0	0	0	0	0	0	0	0	0
701	0	0	0	0	-1.6352139316672585	-3.004098084712324	0	-2.930668250830342	-1.6760164120375174	0	0	0	-0.30196254927926064	0	0	0	0	0	0	0	0	0
7015	0	0	-2.3576539306779463	0	0	0	0	0	0	0	0	0	-1.040523331731401	0	0	0	0	0	0	0	0	0
7016	0	0	0	0	0	0	0	0	0	-0.1798350009454222	0	0	0	-0.4629238397602778	0	-0.5932128735140118	0	0	0	0	0	0
7020	0	0	0	0	0	0	0	0	0	0	0	0	0	0	0	0	0	0	0	0	0	0
7027	0	0	0	0	0	0	0	-0.679876299392112	-0.35841637288755035	0	0	0	-0.27652212766809	0	0	0	0	0	0	0	0	0
7043	0	0	0	0	0	0	0	0	0	-0.3898678535923742	0	-0.2668814284393083	-0.24037240882771096	0	0	0	0	0	0	0	0	0
7048	0	0	0	0	-0.5487124236869736	-0.9774142792358548	-0.21895837162759485	-1.2030330931211408	-0.765650717239371	-0.23814364070501903	0	-0.2129907935138264	-0.2650144412291741	0	0	-1.6273425059866635	0	-0.955406761042348	0	0	-0.6314869407129842	-1.0479998452908397
7074	0	0	0	0	-0.36268981731450783	0	-0.23594969695298415	0	0	0	0	0	0	0	0	0	0	0	0	0	0	0
7077	0	0	0	0	-0.9447625889404132	0	0	-0.7572059803814111	0	0	0	0	-0.33431768493956304	-1.694933902981872	-0.7858025419401587	-0.5653523833453611	0	0	0	0	0	-0.5110686853138613
7082	0	0	0	0	0	0	0	0	0	0	0	0	0	0	0	0	0	0	0	0	0	0
7088	0	0	0	0	0	0	0	0	0	0	-0.8218544297464635	0	0	0	0	0	0	0	0	0	0	0
7099	0	0	0	0	-0.4755362321162144	-0.4283519040974183	0	-1.008517862407675	-0.3011233716696683	-1.3020468439706407	0	0	0	-2.753133501623836	-3.842732831215833	-0.6406200787211898	0	-1.616252712655974	0	0	0	-0.9432838839466996
7105	0	-1.5603672033614864	-2.6667261308311807	0	-1.6121797213039009	0	0	0	0	0	-1.4958964621731397	0	-0.30188118800879554	0	0	0	0	0	0	0	0	0
7106	0	0	0	0	0	0	0	-1.826601721183332	-0.2714206463326031	-1.7296731833491588	0	-0.22884253338324764	0	-0.9943067540847312	0	0	0	-1.302449027366555	0	0	0	-0.7588230234142744
7153	0	0	0	0	-2.191340767595312	-2.7443342863528977	0	-1.6688993466796285	-1.8755716718175848	0	0	0	-0.4544617867362775	0	0	0	0	0	0	0	0	0
7157	0	-1.134440512475826	0	0	0	0	0	-0.5388306608846107	0	0	0	0	0	-0.42669616376954767	0	0	0	0	0	0	0	0
7158	0	0	0	0	-0.6999395911716948	0	0	0	0	0	0	-0.15469160546804686	0	0	0	0	0	0	0	0	0	0
7159	0	0	0	0	0	0	0	0	0	0	0	0	0	0	0	0	0	0	0	0	0	0
7165	0	0	0	0	0	0	0	0	0	0	0	0	0	0	0	-0.4055299526792925	0	0	0	0	0	-0.39516965147792
7168	0	0	0	0	-0.8261527468704605	0	0	0	0	0	0	0	0	-2.8357115833211504	0	-0.8209859593292423	0	0	0	0	0	0
7264	0	0	0	0	0	0	0	-2.12073955688804	0	0	0	0	-0.8361192638150825	-1.0020625861728845	0	0	0	0	0	0	0	0
727	0	0	-1.6419575859007658	0	0	0	0	0	0	-0.386174553946548	0	0	-0.857589472643508	-1.3172210589122586	-0.9024511867524896	0	0	-1.394398741235354	0	0	0	0
7296	0	0	0	0	0	0	0	0	0	0	0	0	0	0	0	0	0	0	0	0	0	0
7319	0	0	0	0	0	0	0	0	0	0	0	0	0	0	0	0	0	0	0	0	0	0
7358	0	0	0	0	0	0	0	0	0	0	0	0	0	0	0	0	0	0	0	0	0	0
7376	0	0	0	0	0	0	0	0	0	0	0	0	0	0	0	0	0	0	0	0	0	0
7398	0	0	0	0	0	-0.9468867854579852	0	0	0	0	-0.7002620438581023	0	0	0	0	0	0	0	0	0	0	0
7416	0	0	0	0	0	0	0	0	0	0	0	0	0	0	0	0	0	0	0	0	0	0
7466	0	-1.5504041500830286	0	-0.7184042139082177	-0.8787073787105403	0	0	0	0	0	0	-0.34642846569158026	0	-1.522787591382282	0	0	0	0	0	0	0	0
7485	0	0	0	0	-0.5887448325260556	0	0	0	0	0	0	0	-0.900812823726642	0	0	0	0	0	0	0	0	0
7494	0	0	0	0	0	0	0	0	0	0	0	0	0	0	0	0	0	0	0	0	0	0
7511	0	0	0	0	0	0	0	0	0	0	0	0	0	0	0	0	0	0	0	0	0	0
7538	0	0	0	0	0	0	0	0	0	0	0	0	0	0	0	0	0	0	0	0	0	0
7690	0	0	0	0	0	0	0	0	0	0	0	0	0	0	0	0	0	0	0	0	0	0
7750	0	0	0	0	0	0	0	-0.2910945068394447	0	-0.2947422228348644	0	0	-0.11329311032468142	0	-0.787187477481322	-0.4289672322987367	0	0	0	0	0	-0.4438885578089456
780	0	-5.427557561935372	-3.686794099425292	0	0	0	0	0	0	0	-2.106744499216408	0	0	0	0	0	0	0	0	0	0	0
7849	0	0	0	-0.8082245968187389	0	0	0	0	0	0	0	0	0	0	0	0	0	0	0	0	0	0
7852	0	0	0	-3.470803063366064	-1.5621488403625492	0	-0.4727064587734728	-2.232764462046308	-0.8589505209831244	0	0	0	-0.2217374135096384	0	0	0	0	0	0	0	0	0
7866	0	0	0	0	0	0	0	-0.5264071735475027	0	0	0	-0.2165173230946128	-0.7914017569938377	0	0	0	0	0	0	0	0	0
7867	0	0	0	0	-0.2503281190065578	0	0	0	-0.1617001922880137	0	0	0	0	-0.8777803708496595	0	-0.7372243101347041	0	-1.0203305071687234	0	0	0	0
7874	0	0	0	0	0	0	0	0	0	0	0	0	-0.6516477684735517	0	0	0	0	0	0	0	0	0
79006	0	0	0	0	-0.6607921059479124	0	0	-1.1542718403616732	0	0	-1.0748411029559746	-0.4398953860630588	-0.5927809514196447	-2.731327328816036	0	0	0	0	0	0	0	-1.1482138740922367
7905	0	0	0	0	0	0	0	0	0	0	0	0	-0.17548300234423594	-1.517823121200755	0	0	0	0	0	0	0	0
79071	0	0	0	0	0	0	0	0	0	0	0	0	-1.0244670908365088	0	0	0	0	0	0	0	0	0
79073	0	0	0	0	0	0	0	0	0	0	0	0	0	-1.2600272051219297	0	-0.5307739275727056	0	-0.3993894273719789	0	0	0	0
79080	0	0	0	0	0	0	0	0	0	0	0	0	0	-2.255784472057071	0	0	0	0	0	0	0	0
79090	0	-1.130537751853839	0	0	0	0	0	-1.9610821425521665	-0.6741340455219073	0	0	0	-0.45759121952078735	-1.3952065120360424	0	0	0	0	0	0	0	0
79094	0	0	0	0	-2.0206019425797934	0	0	0	0	0	0	0	0	0	0	0	0	0	0	0	0	0
79143	0	0	0	0	0	0	0	0	0	0	0	-0.18105455466244297	0	0	0	0	0	0	0	0	0	0
79170	0	0	0	0	0	0	0	0	0	0	0	0	-1.0766628419702424	-3.4707378470123085	0	0	0	0	0	0	0	0
79174	0	0	0	0	0	0	0	0	0	0	0	0	0	-0.9976908904354692	0	0	0	0	0	0	0	0
79187	0	-1.6011253749613072	0	0	0	0	0	0	0	0	0	0	-1.4390958849242916	0	0	0	0	0	0	0	0	0
79600	0	-1.1650581150741226	0	0	-0.628784320465451	0	0	-1.2163026598401607	0	0	-0.4008152292654039	0	-0.828585028462102	-0.9766936266918008	-1.3701043890931437	0	0	-0.7080175120139615	0	0	0	0
79643	0	0	0	0	0	0	0	0	0	0	0	0	0	0	0	0	0	0	0	0	0	0
79716	0	0	0	0	0	0	0	-0.7214123503793493	0	0	0	0	-0.2223584801366545	-1.0727401738059077	-0.8368659086515707	-0.5814415509348229	0	-0.6317022063814561	0	0	0	-0.6269803569033798
7982	0	0	0	0	0	0	0	0	0	0	0	0	0	0	0	0	0	0	0	0	0	0
79850	0	0	0	0	-1.1145998285869996	0	0	0	0	0	-1.245183515477834	-0.3792440595711314	-0.6087012512329446	0	0	0	0	0	0	0	0	0
79902	0	0	0	0	0	-0.5193163789122509	0	-0.8470129737055829	-0.3608110281659575	0	0	-0.197732374618742	-0.3588138476184086	-0.8182837959160335	0	-0.5252103230894468	0	0	0	0	0	-1.0006106085376134
79921	0	0	0	0	-0.3687681917098653	0	0	-0.515032888818729	-0.5618816329532146	-0.3897512381156102	0	0	0	-1.083534764403728	0	0	0	0	0	0	0	0
7994	0	0	0	0	0	0	0	0	0	0	0	0	0	0	0	0	0	0	0	0	0	0
79947	0	0	0	0	0	0	0	-0.2383072543097197	0	0	0	0	0	0	0	0	0	0	0	0	0	0
79961	0	0	0	0	0	0	0	0	0	-0.43361154717039607	-0.4035057001752896	0	-1.5016013388927751	0	0	0	0	0	0	0	0	0
80204	0	0	0	0	0	0	0	0	0	-0.15434221767210984	0	0	0	0	0	0	0	0	0	0	0	0
80212	0	0	0	0	-0.47503224872808136	0	0	0	0	0	0	0	0	0	0	0	0	0	0	0	0	-0.6315273770238287
80347	0	0	0	0	0	0	0	0	0	0	0	0	-0.39689077931582406	0	0	-0.496845982417804	0	0	0	0	0	0
80349	0	0	0	0	0	0	0	-0.5094904587443091	0	0	0	0	0	-1.2331137298782957	0	0	0	0	0	0	0	0
8050	0	0	0	0	0	0	0	0	0	0	0	0	0	0	0	0	0	0	0	0	0	0
8061	0	0	0	0	0	0	0	0	0	0	0	0	0	0	0	0	0	0	0	0	0	0
80746	0	-1.0706251721340183	-1.6022253856094737	0	-0.7397493981578468	0	0	0	0	0	-0.3554943615487252	0	-0.7718105208929733	-0.5650251123374026	0	0	0	0	0	0	0	0
80758	0	0	0	0	0	0	0	0	0	0	0	-0.5671321408984563	-1.0175288600393055	0	0	0	0	0	0	0	0	0
808	0	0	0	0	-1.0040523979724556	0	0	-0.3045935878820435	-0.15635079089730966	0	0	0	0	0	0	0	0	0	0	0	0	0
8091	0	0	-2.4969564676638334	0	-1.4672888932163044	0	0	0	0	0	0	0	0	0	0	0	0	0	0	0	0	0
813	0	0	0	0	-0.4726571526568639	0	0	0	0	0	0	0	-0.6108429704548276	0	0	0	0	0	0	0	0	0
81533	0	0	0	0	0	0	0	0	0	0	0	0	0	0	0	0	0	0	0	0	0	0
81544	0	0	0	0	-2.3788966245387835	0	0	0	-0.5539111855783462	0	0	0	0	-1.9411977298198984	0	0	0	0	0	0	0	-1.0002304667125068
8202	0	0	0	-0.5337135621411612	0	0	0	0	0	0	0	0	-0.5230347708101646	0	0	0	0	0	0	0	0	0
8204	0	0	0	0	0	0	0	0	0	0	0	0	0	0	0	0	0	0	0	0	0	0
823	0	0	0	0	0	0	0	0	0	0	0	0	0	0	0	0	0	0	0	0	0	0
8243	0	0	0	0	0	-0.4597671727830353	0	0	0	0	0	0	-0.2484117443710649	0	0	0	0	0	0	0	0	0
8270	0	-1.1836364232012555	0	0	-0.4939040647828017	0	0	0	0	0	0	0	0	-0.7289147505533304	0	0	0	0	0	0	0	-0.8420754446326316
831	0	0	0	0	0	0	0	0	0	0	0	0	0	0	0	0	0	0	0	0	0	0
8312	0	0	0	0	0	0	0	0	0	0	0	-0.23552850746414924	0	0	0	0	0	0	0	0	0	0
8318	0	0	0	0	-2.0712656624271686	-2.5039520724372686	0	0	-1.057270447583271	0	0	0	-0.17352448243298482	0	0	0	0	0	0	0	0	0
8321	0	0	0	0	-1.2097743367685772	0	0	-0.8128697624294595	0	0	0	-0.4045444571501477	-0.37391912456976967	-1.3298228586427714	0	0	0	0	0	0	0	-0.8933105648564114
8324	0	0	0	0	0	0	0	0	0	0	0	0	0	0	0	0	0	0	0	0	0	0
8349	0	0	0	0	0	0	0	0	0	0	0	0	0	0	0	0	0	0	0	0	0	-1.4900128375965969
835	0	0	0	-0.7745916928394228	0	-0.7181852406708328	0	-0.6461181010888686	0	0	0	0	0	-0.5757424712656432	-0.737758702746575	-1.4389586057852617	0	0	0	0	-0.38586619518946175	-1.2433278890897848
836	0	0	0	0	0	0	0	0	0	0	0	0	0	0	0	0	0	0	0	0	0	0
83743	0	0	0	0	0	0	0	0	0	0	0	-0.324773256636703	-0.2876788887660261	0	0	0	0	0	0	0	0	0
8396	0	-0.8693884155683466	0	-0.5566678505875229	-0.3366648591316047	-0.6431181592773623	0	-0.7376438843934385	-0.3539579150531024	-0.2196423840315662	-0.22979866532412013	0	-0.16218883086992433	-0.3553728676298682	0	-2.5713379485969585	0	0	0	0	0	-0.8147134411485945
840	0	0	0	0	0	0	0	0	0	0	0	0	0	0	0	0	0	0	0	0	0	0
84159	-0.585361904938116	0	0	0	0	0	0	0	0	0	0	0	0	0	0	0	0	0	0	0	0	0
843	0	0	0	0	0	0	0	0	0	-0.46401158039745993	0	0	0	0	-1.8531253409075736	-1.0029518073221315	0	0	0	0	0	-0.9725401546661206
8440	0	0	0	0	-0.4663530409760887	0	0	0	0	0	0	0	0	0	0	0	0	0	0	0	0	0
8444	0	0	0	0	0	0	0	0	0	0	0	0	0	0	0	0	0	0	0	0	0	0
8446	0	0	0	0	0	0	0	0	0	0	0	0	0	0	0	0	0	0	0	0	0	0
84617	0	0	0	0	0	0	0	0	0	0	0	0	0	-0.4378100621077575	0	0	0	0	0	0	0	0
847	0	0	0	0	0	0	0	0	0	0	0	0	0	0	0	0	0	0	0	0	0	0
84722	0	0	0	-2.1659664278665254	0	-1.897914690469736	0	-2.965462751726456	-1.2862300412780674	0	0	0	-0.8062070564471079	-2.647845260287533	-2.433747310553162	-5.3402275684809295	0	0	0	0	0	-2.852623241986341
8480	0	0	0	0	0	0	0	0	0	0	0	0	0	0	0	0	0	0	0	0	0	0
84890	0	0	0	0	0	0	0	0	0	0	-0.41554199521991214	0	0	-0.8044393828790818	0	0	0	-1.1809445157577596	0	0	0	0
8503	0	0	0	0	0	0	0	-1.87002581524312	0	0	-0.8458526084350265	0	0	0	-0.9262148422031904	0	0	0	0	0	0	-1.7021098898022111
8508	0	0	0	0	0	0	0	-0.7634706841747552	0	0	0	0	0	0	0	-0.7568462487461693	0	0	0	0	0	-1.190869029753715
8518	0	0	0	0	0	0	0	0	0	0	0	0	0	0	0	0	0	0	0	0	0	0
8520	0	0	0	0	-0.25449608764647225	-0.44586680673873913	0	0	-0.25728402912009374	0	0	0	0	-0.8169454596976002	0	0	0	0	0	0	0	0
85236	0	0	0	0	0	0	0	0	0	0	0	0	0	0	0	0	0	0	0	0	0	0
85377	0	0	0	0	0	0	0	0	0	0	0	0	0	0	0	0	0	0	0	0	0	0
8550	0	0	0	0	-0.2976614950316748	0	0	0	0	0	-0.33509265516925346	0	-0.3390080544628116	0	0	0	0	0	0	0	0	0
8553	0	0	0	0	0	0	0	0	0	0	0	0	0	0	0	0	0	0	0	0	0	0
8569	0	0	0	0	-0.3934140558192162	-0.41937513325773645	0	0	-0.18974942747264767	0	0	0	0	-1.8963611538307643	0	0	0	-0.862895094004557	0	0	0	0
8573	-0.7348572630451955	0	0	0	0	0	0	0	0	0	-0.5122652105619296	0	-0.3348652666998984	0	0	0	0	0	0	0	0	0
8574	0	0	0	0	-0.7421393895215298	0	0	0	0	0	0	0	0	-1.1449197513750675	0	0	0	0	0	0	0	0
8607	0	-0.9723463248866916	0	0	0	0	0	0	0	0	0	0	-0.1841364228470524	-1.1610172250424189	0	0	0	0	0	0	0	0
8624	0	0	0	0	0	0	0	0	0	0	0	0	-0.28564986374037016	-0.46233415714025583	0	0	0	0	0	0	0	0
8678	0	0	0	0	0	0	0	0	0	0	0	0	0	0	0	0	0	0	0	0	0	0
868	0	0	0	0	0	0	0	0	0	0	-0.5701686285137747	0	0	0	0	-0.5848315676107599	0	0	0	0	0	0
8720	0	0	0	0	0	0	0	0	0	0	0	-0.18173064897738783	-0.5688528745367998	0	0	0	0	0	0	0	0	0
8726	0	0	0	0	0	0	0	0	0	0	0	0	0	0	0	0	0	0	0	0	0	0
8727	0	0	0	0	0	0	0	0	0	0	0	0	0	-2.4383283766574584	-1.4995346656126016	0	0	0	0	0	0	0
873	0	0	0	0	0	0	0	0	0	0	0	0	0	0	0	0	0	0	0	0	0	0
8731	0	0	0	0	0	0	0	0	0	0	0	0	0	0	-0.9206199563726648	0	0	0	0	0	0	0
874	0	-1.7737574241684286	0	0	0	0	0	0	0	0	-1.1320530221438123	0	0	0	0	0	0	0	0	0	0	0
8800	0	-1.8662829772352312	-2.3387714238331934	-1.3138645073956203	0	0	0	0	0	0	0	0	0	-1.0875102368373268	-1.0066421551974742	-2.303981664355648	0	0	0	0	0	-0.8022331697840597
8804	0	0	0	0	0	0	0	0	0	0	0	0	0	0	0	0	0	0	0	0	0	0
8821	-1.0537336687172	0	0	0	-2.0967490248560976	0	0	-3.569259541707983	0	0	-0.9911394051776308	0	0	0	0	0	0	0	0	0	0	-1.3800631939593335
8826	0	0	0	0	0	0	0	0	0	0	0	0	0	0	0	0	0	0	0	0	0	0
8835	0	0	0	0	0	0	0	0	0	0	-0.5806654211058636	-0.47079275284454686	0	0	0	0	0	0	0	0	0	0
8837	0	0	0	0	0	0	0	0	0	0	0	0	0	0	0	0	0	0	0	0	0	0
8851	0	0	0	-1.815321356544725	-3.453458532842341	0	0	0	0	0	0	-1.361729832430748	-1.6544622339443784	0	0	-1.1603796167792888	0	0	0	0	0	0
8869	0	0	0	-0.9278621393031268	0	0	-0.2350698244702187	0	0	0	0	0	0	0	0	-1.1420754473160617	0	-0.8109283258015961	0	0	-0.3493680117886172	-0.5603981455377923
8870	0	0	0	0	0	0	0	0	0	0	0	0	0	0	0	0	0	0	0	0	0	0
8878	0	0	0	0	0	0	0	0	0	0	0	0	0	0	0	0	0	0	0	0	0	0
8884	0	0	0	0	0	0	0	0	0	0	0	-0.6149176715472576	-0.46397648169509154	0	0	0	0	0	0	0	0	0
8895	0	0	0	0	-0.5148175091264593	0	0	-0.5060575457411599	0	0	0	0	-0.18130400506164	0	0	0	0	0	0	0	0	-0.3801008248246139
890	0	0	0	0	0	-2.337011985215547	0	-1.204862115281122	-1.152044972877892	0	0	0	0	0	0	0	0	0	0	0	0	0
8900	0	0	0	0	0	0	0	0	0	0	0	0	0	0	0	0	0	0	0	0	0	0
891	0	0	0	0	-0.5951743676646638	-1.7906455769257168	0	-1.1209873368772238	-0.6252174196804776	0	0	0	-0.24838218937835035	-0.5376449041778029	0	0	0	0	0	0	0	0
8914	0	-1.1669646982043955	0	0	0	-1.1307520570309166	0	-0.5034472655435381	0	0	0	0	0	0	0	-0.7322514743364126	0	0	0	0	0	0
896	0	0	0	0	0	0	0	0	0	0	0	0	0	-1.708921201277953	0	0	0	0	0	0	0	0
8974	0	0	0	0	0	0	0	0	0	0	0	-0.2636956629780218	0	-0.9815181258065964	0	0	0	0	0	0	0	0
8985	0	0	0	0	0	0	0	0	0	0	0	-0.4375813392270283	-0.23789285977964625	-1.0685805224436704	0	0	0	0	0	0	0	0
899	0	0	0	0	-0.6902897020280596	-1.7911862402244003	0	0	-0.7908911620293444	0	0	0	-0.6518392425655325	0	0	-0.8740849145343986	0	0	0	0	0	-1.2075225925953998
89910	0	0	0	0	0	0	0	0	0	0	0	0	0	0	0	0	0	0	0	0	0	-0.20235009426505937
8996	0	0	0	0	0	0	0	0	0	0	0	0	-0.4489977460774125	0	0	0	0	0	0	0	0	0
9016	0	0	0	0	0	0	0	0	0	0	0	0	0	-1.0184586428316569	-1.1525221075421594	0	0	0	0	0	0	0
9019	0	0	0	0	0	0	0	0	0	0	0	0	-0.411511882325853	0	0	0	0	0	0	0	0	0
902	0	0	0	-0.7171801686217844	-0.7301084228096841	0	0	0	-0.3658416680165124	0	0	0	-0.22048789125371515	-1.6755250358962284	0	0	0	0	0	0	0	0
9053	0	0	0	0	0	0	0	0	-0.31056185795662195	0	0	0	0	-1.1196579011619785	-2.104327160769806	0	0	0	0	0	0	0
90861	0	-1.2966089708256476	0	0	0	0	0	0	0	0	-0.4230728135207463	0	-0.34242916585222166	0	0	0	0	0	0	0	0	0
9093	0	-1.204577620400889	0	0	0	0	0	0	0	0	-0.3767478121071288	0	0	-0.4808302667370608	0	0	0	0	0	0	0	0
9097	0	0	0	0	0	0	0	0	0	0	-0.46756549579359497	0	0	0	0	0	0	0	0	-0.5050848025503504	0	0
9112	0	0	0	0	-0.5590045531600969	0	0	-0.4478277116989336	0	0	-0.34524684963922136	-0.26071152564419664	-0.643802805416549	-0.396061055362831	0	0	0	0	0	0	0	0
91137	0	0	0	0	0	0	0	-0.3373956611731132	0	0	-0.6500466531020559	0	0	0	0	0	0	0	0	0	0	0
9124	0	0	0	0	0	0	0	0	0	0	0	0	0	0	0	0	0	0	0	0	0	0
9126	0	0	0	0	0	-0.4851599414098741	0	0	0	0	0	0	0	0	-0.7229168196486979	0	0	0	0	0	0	0
9128	0	0	0	0	0	0	0	0	0	0	0	0	-0.1384899722156951	0	0	0	0	0	0	0	0	0
9133	0	0	0	0	-0.35324830288067016	-1.939985110726515	0	0	0	0	0	0	0	0	0	0	0	0	0	0	0	0
9134	0	0	0	0	-0.6562798241860724	-2.1233140587871864	0	-1.5613682894322958	-0.929761566777782	0	0	0	0	0	0	0	0	0	0	0	0	0
9143	0	0	0	0	0	0	0	0	0	0	0	0	0	0	0	0	0	0	0	0	0	0
9170	0	0	0	0	0	0	0	0	0	0	0	0	0	-0.9363469360154651	0	0	0	0	0	0	0	0
9181	0	0	0	0	0	0	0	0	0	0	0	0	0	0	0	0	0	0	0	0	0	0
9183	0	0	0	0	0	0	0	0	0	0	0	0	0	0	0	0	0	0	0	0	0	0
91949	0	0	0	0	0	0	0	0	0	0	0	0	0	0	0	0	0	0	0	0	0	0
9212	0	0	0	0	0	-2.2172717335114727	0	0	-1.9027794297235177	0	0	0	0	0	0	0	0	0	0	0	0	0
9217	0	0	0	0	0	0	0	0	0	0	0	0	-0.4919340179519732	0	0	0	0	0	0	0	0	0
9221	0	0	0	0	0	0	0	-0.3831834104293524	0	0	0	0	0	0	0	0	0	0	0	0	0	0
9246	0	0	0	0	0	0	0	0	0	0	0	0	0	0	0	0	0	0	0	0	0	0
9261	0	0	0	0	0	0	0	0	0	0	0	0	0	0	0	0	0	0	0	0	0	0
9267	0	0	0	0	0	0	0	0	0	0	0	-0.17638586103263876	-0.1580057672364874	0	0	0	0	0	0	0	0	0
9270	0	0	0	0	-0.7930050468903259	0	0	0	-0.1460880096033106	0	0	0	0	0	0	0	0	0	0	0	0	0
9275	0	0	0	0	0	0	0	0	0	0	0	0	0	0	0	0	0	0	0	0	0	0
9276	0	0	0	0	0	0	0	0	0	0	0	0	0	0	0	0	0	0	0	0	0	0
9289	0	0	0	0	0	0	0	0	0	0	0	-0.8772627200221761	0	0	0	0	0	0	0	0	0	0
93487	0	0	0	0	0	0	0	0	0	0	0	0	-0.15450795529611525	0	0	0	0	0	0	0	0	0
93594	0	0	0	0	0	0	0	0	0	0	0	0	-0.1616399029646419	-1.3630777620828165	-1.0682252066539453	0	0	0	0	0	0	0
9375	0	0	0	0	0	0	0	0	0	0	0	-0.26769131218755066	0	-0.6189616155658307	0	0	0	0	0	0	0	0
94239	0	0	0	0	-0.9161978551915202	-0.8781744118130927	0	-0.2638238516648055	-0.6312823249881517	0	0	0	-1.6428516398963997	0	0	0	0	0	-0.28292073513555327	0	-0.37049218925907634	-0.4080077746487807
9448	0	0	0	0	-0.9142516139896152	0	0	0	0	0	0	0	0	0	0	0	0	0	0	0	-0.32153352411854585	0
9455	0	0	-1.869897903836999	0	0	-0.7529148245815142	0	0	0	0	0	0	-0.3088484145612591	0	0	0	0	0	0	0	0	-0.5805193343146888
9467	0	0	0	0	0	0	0	0	0	0	0	0	0	0	0	0	0	0	0	0	0	0
9488	0	0	0	0	0	0	0	0	0	0	0	0	0	0	0	-1.1225775711151773	0	0	0	0	0	0
949	0	0	0	-0.4743328093159039	-0.7213792151375031	0	0	-2.520512701671982	-0.481462527855552	-0.8270058674410514	0	-0.3492210991654865	0	-1.7137448867787235	-1.847208821575969	-1.0547861111703585	0	0	0	0	0	-0.8310180610830374
9491	0	0	0	0	0	0	0	0	0	0	0	0	0	-0.5822841643959146	0	0	0	0	0	0	0	0
9517	0	0	0	-0.66106335732573	0	0	0	0	0	0	0	0	-0.2828808604683787	0	-1.2463487237862545	-0.5687744501679431	0	0	0	0	0	-0.6372288556901247
9519	0	0	0	0	0	0	0	0	0	0	0	0	0	0	0	0	0	0	0	0	0	0
9531	0	0	0	0	0	0	0	0	0	0	0	0	0	0	0	0	0	0	0	0	0	0
9533	0	0	0	0	0	0	0	0	0	0	0	0	0	0	0	0	0	0	0	0	0	0
9552	0	0	0	0	0	0	0	0	0	0	0	0	0	0	0	0	0	0	0	0	0	0
958	0	0	0	0	0	0	0	0	0	0	0	0	0	0	0	0	0	0	0	0	0	0
960	0	0	0	0	0	0	0	0	0	0	0	0	0	0	0	0	0	0	0	0	0	0
9637	0	0	0	0	-0.20572759314092195	0	0	-0.3651767121944645	-0.31669825123540407	-0.4590363714187785	0	0	0	-0.6209540146181064	0	0	0	-0.9257129644628712	0	0	0	0
9641	0	0	0	0	0	0	0	0	0	0	0	0	0	0	0	0	0	0	0	0	0	0
965	0	0	0	0	0	0	0	0	0	0	0	0	0	0	0	0	0	0	0	0	0	0
9650	0	-0.8093607341901355	0	0	0	0	0	0	0	-0.36634299343367166	0	0	0	-0.7282998317272703	0	0	0	0	0	0	0	0
9653	0	0	0	0	-1.8073688183051189	0	0	-0.29496626261194053	-0.4377439741077013	0	0	0	-0.5591912008893842	-1.7347849329936234	-1.8481469752392847	-0.48481873854264657	0	-1.153708350695548	0	0	0	-0.5499802074580624
9670	0	0	0	0	0	0	0	0	0	0	0	0	0	-0.774261270936479	0	0	0	0	0	0	0	-0.4943720805442401
9686	0	0	0	-0.9678971469889144	-0.29483524412318324	0	0	0	0	0	0	0	0	-0.6818501102855987	0	-1.4069673829840084	-0.3949290384535128	-1.0355956223365093	0	0	0	0
9688	0	0	0	0	0	0	0	0	0	0	0	0	0	0	0	0	0	0	0	0	0	0
9690	0	0	0	0	0	0	0	0	0	0	0	0	-0.4206075901996888	0	0	0	0	0	0	0	0	0
9695	0	0	0	0	0	0	0	0	0	0	0	0	-0.2643989300451135	0	0	0	0	0	0	0	0	0
9697	0	0	0	0	-0.30967558331569645	0	0	-0.7232531511797283	0	0	0	-0.3040826787189209	-0.09781983736915764	-3.461856220569312	-3.2425845539560885	-0.843598062004248	0	0	0	0	0	-1.0638469984329897
9702	0	0	0	0	-0.35437430233028694	0	0	0	0	0	-0.67976749491369	0	0	0	0	0	0	0	0	0	-0.27203755310113326	-0.30814797080439055
9703	0	0	0	0	0	0	0	0	0	0	0	0	-0.8362736184055417	-1.4863758381366463	0	-0.5104472918207598	0	-0.8357546602076503	0	0	0	0
9709	0	0	0	0	0	0	0	-0.4575412390535915	0	0	0	0	0	0	0	-0.38070242202146265	0	0	0	0	0	0
9710	0	0	0	0	0	0	0	0	0	-0.3353006621488898	0	0	0	0	0	0	0	0	0	0	0	0
9712	0	0	0	0	0	0	0	0	0	0	0	0	0	0	0	0	0	0	0	0	0	0
9738	0	0	0	-1.949648643587754	0	0	0	-0.4492304323982546	0	0	0	0	0	-0.6452379001761155	-1.5483993114147494	-0.8586186418045122	0	0	0	0	0	-0.6548647979192403
976	0	0	0	0	0	0	0	0	0	0	0	-0.3982848783617151	0	0	0	0	0	0	0	0	0	0
9761	0	0	0	0	-0.4747401842788473	0	0	-0.9539579409897412	0	0	0	-0.3091076533522644	-1.2836657146726032	-1.750019703431592	0	0	0	0	0	0	0	-0.7025110017688103
9797	0	0	0	0	0	0	0	0	0	0	0	0	0	-0.3806101086907741	0	0	0	0	0	0	0	0
9801	0	0	0	0	0	0	0	0	0	0	0	0	0	0	0	-0.4385985861560402	0	0	0	0	0	0
9805	0	0	0	0	0	0	0	0	0	0	0	0	0	-1.568371536933424	0	-0.6804404566873302	0	0	0	0	0	0
9813	0	0	0	0	-0.2195248256454844	0	0	-0.31851590218063763	0	0	0	0	0	0	0	0	0	0	0	0	0	0
9817	0	0	0	0	0	0	0	0	0	0	0	0	0	0	0	0	0	0	0	0	0	0
983	0	0	0	0	-2.618007266921588	-2.485853021800146	0	-2.784403878129878	-1.709938957360014	0	0	0	0	0	0	0	0	0	0	0	0	0
9833	0	0	0	0	0	-1.888630231522745	0	0	0	0	0	0	0	0	0	0	0	0	0	0	0	0
9842	0	0	0	0	0	0	0	0	0	0	0	0	0	0	0	0	0	0	0	0	0	0
9847	0	0	0	0	-0.42700708980165486	0	0	-0.554336830672544	0	-0.2617669086891515	0	0	0	-0.8935584291019254	-1.217899720987351	-0.9041901321950752	0	0	0	0	0	-0.8903137880322881
9851	0	0	0	-0.6720628930947105	-0.5111916188715043	0	0	0	0	0	0	0	0	0	0	0	0	0	0	0	0	0
9854	0	0	0	0	0	0	0	0	0	0	0	0	-0.6926740446816423	-0.738083437748479	0	-0.41168285386005926	0	0	0	0	0	-0.449614976775764
9868	0	0	0	0	0	0	0	0	0	0	-0.5965643254894087	0	0	0	0	0	0	0	0	0	0	0
9897	0	0	0	0	0	0	0	-0.34939142363818604	0	0	0	0	-0.578696661837227	0	0	-0.5443703887236208	0	0	0	0	0	-0.3004100550175741
9903	0	0	0	0	0	0	0	0	0	0	0	-0.36665574434844217	-1.2526421530884833	0	0	0	0	0	0	0	0	0
991	0	0	0	0	-1.5722456524548964	-2.8024028817526943	0	-2.8158710549577424	-1.2514055220668352	0	0	-0.2629649878165756	-0.5250591933634327	0	0	-1.335065796070316	0	0	0	0	0	0
9915	0	0	-2.5737703336931927	0	0	0	0	0	0	0	0	0	0	0	0	0	0	0	0	0	0	0
9917	0	0	0	0	0	0	0	0	0	0	0	0	-0.8596266941042273	0	0	0	0	0	0	0	-0.33889343106286424	0
9918	0	0	0	0	0	-1.0931054058700482	0	0	0	0	0	0	-0.4879455554216674	-0.5925650536146719	0	-1.3262349381359313	0	0	0	0	0	-1.1175640888617948
9924	0	0	0	0	0	0	0	0	0	0	0	0	0	0	0	0	0	0	0	0	0	0
9926	0	0	0	0	-0.35655719594457336	0	0	0	0	0	0	0	-0.4597446291640237	0	0	0	0	-0.5805749506799266	0	0	0	0
9928	0	0	0	0	-1.9960601679272167	-2.513320163619872	0	0	-1.6566443393594823	0	0	0	0	0	0	0	0	0	0	0	0	0
993	0	0	0	0	-1.3118179196182027	-2.236325142775965	0	0	-1.8597527015925064	0	0	0	0	0	0	0	0	0	0	0	0	0
994	0	0	0	0	0	-1.0005151159227248	0	-0.3497585671769489	-0.5112116996210361	0	-0.42000078352674897	0	0	-0.8599565951393577	0	0	0	0	0	0	0	-0.94788097205761
9943	0	0	0	0	0	0	0	0	0	0	0	0	0	0	0	0	0	0	0	0	0	0
9961	0	0	0	0	0	0	0	0	0	0	0	0	0	0	0	0	0	0	0	0	0	0
998	0	0	0	0	0	0	0	0	0	0	0	0	-0.3148562357709709	0	0	0	0	0	0	0	0	0
9988	0	0	0	0	0	0	0	0	0	0	0	0	0	0	0	0	0	0	0	0	0	0
