drug_name,n_methods,methods,highest_HDT_evidence,highest_HDT_PMID,n_hdt,n_review
verapamil,1,Spearman_RNAseq_aggr,clinical_study,37983978,8,8
thalidomide,2,Spearman_RNAseq; Spearman_RNAseq_aggr,human_subject,41180005,5,31
clarithromycin,1,Tau_RNAseq_aggr,animal,41324151,5,94
vorinostat,3,CMAP_microarray_aggr; CMAP_RNAseq; Tau_microarray,in_vitro,29501835,1,1
clemastine,2,Tau_microarray; WCS_microarray,animal,30693866,1,0
flunarizine,2,Pearson_microarray; Spearman_microarray,other,34533236,1,0
amiodarone,1,WCS_microarray_aggr,animal,38916320,1,6
atovaquone,1,Pearson_RNAseq_aggr,animal,40803230,1,5
coumarin,1,Spearman_microarray_aggr,other,40304517,1,8
etoposide,1,CMAP_microarray,human_subject,33523540,1,1
fluspirilene,1,CMAP_microarray,in_vitro,34608194,1,0
itraconazole,1,Spearman_microarray_aggr,human_subject,41534497,1,32
resveratrol,1,Pearson_microarray,NA,NA,1,7
