method,rank,drug_name,highest_HDT_evidence,highest_HDT_PMID,n_hdt,n_review
CMAP_microarray,1,crizotinib,NA,NA,0,1
CMAP_microarray,2,etoposide,human_subject,33523540,1,1
CMAP_microarray,3,ingenol,NA,NA,0,0
CMAP_microarray,4,mycophenolic-acid,NA,NA,0,3
CMAP_microarray,5,fluspirilene,in_vitro,34608194,1,0
CMAP_RNAseq,1,vemurafenib,NA,NA,0,1
CMAP_RNAseq,2,temsirolimus,NA,NA,0,0
CMAP_RNAseq,3,fostamatinib,NA,NA,0,1
CMAP_RNAseq,4,perphenazine,NA,NA,0,0
CMAP_RNAseq,5,vorinostat,in_vitro,29501835,1,1
CMAP_microarray_aggr,1,perphenazine,NA,NA,0,0
CMAP_microarray_aggr,2,mycophenolic-acid,NA,NA,0,3
CMAP_microarray_aggr,3,ingenol,NA,NA,0,0
CMAP_microarray_aggr,4,vorinostat,in_vitro,29501835,1,1
CMAP_microarray_aggr,5,cortisone,NA,NA,0,8
CMAP_RNAseq_aggr,1,ethinyl-estradiol,NA,NA,0,2
CMAP_RNAseq_aggr,2,fostamatinib,NA,NA,0,1
CMAP_RNAseq_aggr,3,rosuvastatin,clinical_study,36966799,1,1
CMAP_RNAseq_aggr,4,dasatinib,animal,40631209; 42098153,2,2
CMAP_RNAseq_aggr,5,fluvastatin,animal,31605489; 38534380,4,1
Pearson_microarray,1,valsartan,NA,NA,0,0
Pearson_microarray,2,flunarizine,other,34533236,1,0
Pearson_microarray,3,clofibric-acid,NA,NA,0,0
Pearson_microarray,4,meptazinol,NA,NA,0,0
Pearson_microarray,5,resveratrol,NA,NA,1,7
Pearson_RNAseq,1,fostamatinib,NA,NA,0,1
Pearson_RNAseq,2,tamoxifen,animal,36475748,5,3
Pearson_RNAseq,3,chloroquine,NA,NA,0,24
Pearson_RNAseq,4,methoxsalen,NA,NA,0,0
Pearson_RNAseq,5,treprostinil,NA,NA,0,0
Pearson_microarray_aggr,1,nicergoline,NA,NA,0,0
Pearson_microarray_aggr,2,timolol,NA,NA,0,0
Pearson_microarray_aggr,3,chenodeoxycholic-acid,NA,NA,0,0
Pearson_microarray_aggr,4,amcinonide,NA,NA,0,0
Pearson_microarray_aggr,5,ranitidine,NA,NA,0,0
Pearson_RNAseq_aggr,1,fostamatinib,NA,NA,0,1
Pearson_RNAseq_aggr,2,dasatinib,animal,40631209; 42098153,2,2
Pearson_RNAseq_aggr,3,atorvastatin,animal,31605489,3,1
Pearson_RNAseq_aggr,4,rosuvastatin,clinical_study,36966799,1,1
Pearson_RNAseq_aggr,5,atovaquone,animal,40803230,1,5
Spearman_microarray,1,flunarizine,other,34533236,1,0
Spearman_microarray,2,tamibarotene,NA,NA,0,0
Spearman_microarray,3,valsartan,NA,NA,0,0
Spearman_microarray,4,forskolin,NA,NA,0,0
Spearman_microarray,5,imiquimod,NA,NA,0,1
Spearman_RNAseq,1,fostamatinib,NA,NA,0,1
Spearman_RNAseq,2,thalidomide,human_subject,41180005,5,31
Spearman_RNAseq,3,tamoxifen,animal,36475748,5,3
Spearman_RNAseq,4,chloroquine,NA,NA,0,24
Spearman_RNAseq,5,temozolomide,NA,NA,0,0
Spearman_microarray_aggr,1,nicergoline,NA,NA,0,0
Spearman_microarray_aggr,2,ranitidine,NA,NA,0,0
Spearman_microarray_aggr,3,phenoxybenzamine,NA,NA,0,0
Spearman_microarray_aggr,4,itraconazole,human_subject,41534497,1,32
Spearman_microarray_aggr,5,coumarin,other,40304517,1,8
Spearman_RNAseq_aggr,1,fostamatinib,NA,NA,0,1
Spearman_RNAseq_aggr,2,stiripentol,NA,NA,0,0
Spearman_RNAseq_aggr,3,dasatinib,animal,40631209; 42098153,2,2
Spearman_RNAseq_aggr,4,thalidomide,human_subject,41180005,5,31
Spearman_RNAseq_aggr,5,verapamil,clinical_study,37983978,8,8
NCS_microarray,1,panobinostat,NA,NA,0,0
NCS_microarray,2,paclitaxel,NA,NA,0,2
NCS_microarray,3,vincristine,NA,NA,0,2
NCS_microarray,4,ingenol,NA,NA,0,0
NCS_microarray,5,diltiazem,NA,NA,0,0
NCS_RNAseq,1,rosuvastatin,clinical_study,36966799,1,1
NCS_RNAseq,2,temsirolimus,NA,NA,0,0
NCS_RNAseq,3,panobinostat,NA,NA,0,0
NCS_RNAseq,4,fostamatinib,NA,NA,0,1
NCS_RNAseq,5,lovastatin,animal,39832798,2,0
NCS_microarray_aggr,1,raloxifene,NA,NA,0,1
NCS_microarray_aggr,2,raltitrexed,NA,NA,0,0
NCS_microarray_aggr,3,mycophenolic-acid,NA,NA,0,3
NCS_microarray_aggr,4,irinotecan,NA,NA,0,1
NCS_microarray_aggr,5,ingenol,NA,NA,0,0
NCS_RNAseq_aggr,1,ethinyl-estradiol,NA,NA,0,2
NCS_RNAseq_aggr,2,tofacitinib,animal,26425676; 26425693,2,25
NCS_RNAseq_aggr,3,rosuvastatin,clinical_study,36966799,1,1
NCS_RNAseq_aggr,4,atorvastatin,animal,31605489,3,1
NCS_RNAseq_aggr,5,albendazole,NA,NA,0,5
Tau_microarray,1,panobinostat,NA,NA,0,0
Tau_microarray,2,vincristine,NA,NA,0,2
Tau_microarray,3,vorinostat,in_vitro,29501835,1,1
Tau_microarray,4,diltiazem,NA,NA,0,0
Tau_microarray,5,clemastine,animal,30693866,1,0
Tau_RNAseq,1,temsirolimus,NA,NA,0,0
Tau_RNAseq,2,vemurafenib,NA,NA,0,1
Tau_RNAseq,3,topotecan,NA,NA,0,0
Tau_RNAseq,4,tivozanib,NA,NA,0,0
Tau_RNAseq,5,forskolin,NA,NA,0,0
Tau_microarray_aggr,1,raloxifene,NA,NA,0,1
Tau_microarray_aggr,2,tolazoline,NA,NA,0,0
Tau_microarray_aggr,3,irinotecan,NA,NA,0,1
Tau_microarray_aggr,4,ramipril,NA,NA,0,0
Tau_microarray_aggr,5,raltitrexed,NA,NA,0,0
Tau_RNAseq_aggr,1,tofacitinib,animal,26425676; 26425693,2,25
Tau_RNAseq_aggr,2,NECA,NA,NA,0,0
Tau_RNAseq_aggr,3,alprenolol,NA,NA,0,0
Tau_RNAseq_aggr,4,mometasone,NA,NA,0,2
Tau_RNAseq_aggr,5,clarithromycin,animal,41324151,5,94
WCS_microarray,1,fludroxycortide,NA,NA,0,0
WCS_microarray,2,clemastine,animal,30693866,1,0
WCS_microarray,3,clomifene,NA,NA,0,0
WCS_microarray,4,vincristine,NA,NA,0,2
WCS_microarray,5,panobinostat,NA,NA,0,0
WCS_RNAseq,1,lovastatin,animal,39832798,2,0
WCS_RNAseq,2,temsirolimus,NA,NA,0,0
WCS_RNAseq,3,tamoxifen,animal,36475748,5,3
WCS_RNAseq,4,panobinostat,NA,NA,0,0
WCS_RNAseq,5,fluvastatin,animal,31605489; 38534380,4,1
WCS_microarray_aggr,1,raltitrexed,NA,NA,0,0
WCS_microarray_aggr,2,raloxifene,NA,NA,0,1
WCS_microarray_aggr,3,mycophenolic-acid,NA,NA,0,3
WCS_microarray_aggr,4,irinotecan,NA,NA,0,1
WCS_microarray_aggr,5,amiodarone,animal,38916320,1,6
WCS_RNAseq_aggr,1,rosuvastatin,clinical_study,36966799,1,1
WCS_RNAseq_aggr,2,atorvastatin,animal,31605489,3,1
WCS_RNAseq_aggr,3,tofacitinib,animal,26425676; 26425693,2,25
WCS_RNAseq_aggr,4,fluvastatin,animal,31605489; 38534380,4,1
WCS_RNAseq_aggr,5,ethinyl-estradiol,NA,NA,0,2
Integrative,1,rosuvastatin,clinical_study,36966799,1,1
Integrative,2,fostamatinib,NA,NA,0,1
Integrative,3,fluvastatin,animal,31605489; 38534380,4,1
Integrative,4,tofacitinib,animal,26425676; 26425693,2,25
Integrative,5,lovastatin,animal,39832798,2,0
