,GSM7518958,GSM7518960,GSM7518962,GSM7518964,GSM7518966,GSM7518968,GSM7518970,GSM7518972,GSM7518974,GSM7518976,GSM7518978,GSM7518980,GSM7518986,GSM7518991,GSM7518996,GSM7519001,GSM7519006,GSM7519007,GSM7519009,GSM7519010,GSM5005789,GSM5005790,GSM5005791,GSM5005792,GSM4478019,GSM4478020,GSM4478021,GSM4478027,GSM4478031,GSM4478032,GSM4478033,GSM4478037,GSM4478038,GSM4478039,GSM5573712,GSM5573717,GSM5573722,GSM5573727,GSM6506628,GSM6506629,GSM6506640,GSM3855590,GSM3855593,GSM3855596,GSM3855599,GSM3855602,GSM3855605,GSM5048552,GSM5048554,GSM5048556,GSM5048558,GSM5048560,GSM5048562,GSM5048564,GSM5048566,GSM5048568,GSM5048570,GSM5048572,GSM5048574,GSM5048576,GSM5048578,GSM5048580,GSM5048582,GSM4273334,GSM4273348,GSM4273362,GSM4273376,GSM5319713,GSM5319715,GSM5319717,GSM5319719,GSM5319721,GSM5319723,GSM5319725,GSM5319727,GSM5319729,GSM5319731,GSM5319733,GSM5319735,GSM5319737,GSM5319739,GSM5319741,GSM5319743,GSM5319745,GSM5319747,GSM8087241,GSM8087242,GSM8087243,GSM8087244,GSM8087249,GSM8087250,GSM8087251,GSM8087252,GSM4210636,GSM4210640,GSM4210644,GSM6998086,GSM6998088,GSM6998090,GSM6998092,GSM6998094,GSM6998096,GSM6998098,GSM6998100,GSM6998103,GSM6998106,GSM6998108,GSM6998110,GSM6998112,GSM5820933,GSM5820934,GSM5820935,GSM5820937,GSM5820939,GSM5820940,GSM5820941,GSM5820942,GSM5820943,GSM5820944,GSM5820945,GSM5820946,GSM5820947,GSM5820948,GSM5820949,GSM5820950,GSM5820951,GSM5820952,GSM5820954,GSM5820955,GSM5820956,GSM5820957,GSM5820958,GSM5820959,GSM5820960,GSM5820961,GSM5820962,GSM5820963,GSM5820964,GSM5820965,GSM5820966,GSM5820967,GSM5820968,GSM5820969,GSM5820970,GSM5820971,GSM4455463,GSM4455464,GSM4455465,GSM4455466,GSM1565956,GSM1565958,GSM1565960,GSM1565962,GSM1565964,GSM1565966,GSM5952186,GSM5952187,GSM5952188,GSM5952189,GSM5952190,GSM5952191,GSM4263940,GSM4263941,GSM4263942,GSM3071061,GSM3071063,GSM3071065,GSM3071067,GSM3071069,GSM3071071,GSM3071073,GSM3071075,GSM3071077,GSM3071079,GSM3071081,GSM3071083,GSM3071085,GSM3071087,GSM3071089,GSM3071091,GSM3071093,GSM3071095,GSM3071097,GSM3071099,GSM3071101,GSM3071103,GSM3071105,GSM3071107,GSM3071113,GSM3071118,GSM3071120,GSM3071122,GSM3071124,GSM3071130,GSM3071132,GSM3071134,GSM3071136,GSM3071138,GSM3071140,GSM3071142,GSM3071144,GSM3071146,GSM3071148,GSM3071150,GSM3425229,GSM3425235,GSM3425241,GSM2226808,GSM2226825,GSM2226829,GSM2226832,GSM1565998,GSM1566000,GSM1566002,GSM3070965,GSM3070967,GSM3070969,GSM3070971,GSM3070973,GSM3070975,GSM3070977,GSM3070979,GSM3070981,GSM3070983,GSM3070985,GSM3070987,GSM3070989,GSM3070991,GSM3070993,GSM3070995,GSM3070997,GSM3070999,GSM3071001,GSM3071003,GSM3071005,GSM3071006,GSM3071007,GSM3071009,GSM3071011,GSM3071013,GSM3071015,GSM3071017,GSM3071019,GSM3071021,GSM3071023,GSM3071025,GSM3071035,GSM3071037,GSM3071039,GSM3071041,GSM3071043,GSM3071045,GSM3071049,GSM3071051,GSM3071053,GSM3071055,GSM3071057,GSM3071059
A375,-0.114998646,-0.011948118,-0.10213425,-0.05872893,-0.09079397,-0.08034305,-0.15211783,-0.054323636,-0.08440844,-0.0194306,-0.20798142,-0.10347035,-0.09135028,-0.057708517,-0.18278089,-0.14513604,-0.1933571,-0.16091043,-0.18589412,-0.1953915,-0.10579052,-0.06705477,-0.23483536,-0.14498454,-0.26065975,-0.25679597,-0.25519142,-0.2636763,-0.26684555,-0.25281733,-0.24934383,-0.28233173,-0.283612,-0.27522808,-0.23640849,-0.18861292,-0.24710149,-0.17103074,-0.0,-0.0,-0.016936291,-0.20853871,-0.16081068,-0.19014686,-0.17716649,-0.21570222,-0.15515783,-0.2825371,-0.2978004,-0.29331753,-0.24531558,-0.24188702,-0.25600174,-0.2326511,-0.22072187,-0.22681995,-0.23629047,-0.26635104,-0.2604142,-0.22703938,-0.2439828,-0.2700607,-0.31788367,-0.19653845,-0.20263451,-0.24665134,-0.28318533,-0.039623287,-0.049168333,-0.006333525,-0.025383456,-0.08666772,-0.03375127,-0.0,-0.0,-0.0,-0.0,-0.0028844133,-0.022921382,-0.0,-0.0,-0.0,-0.0,-0.0,-0.0,0.0,0.0,0.0,0.0,-0.0,-0.0,0.0,-0.0,-0.22116512,-0.19064413,-0.18408582,-0.29854274,-0.27199614,-0.21574308,-0.17079224,-0.14510565,-0.2756277,-0.3684494,-0.22175914,-0.3555226,-0.23668918,-0.35388795,-0.28956008,-0.40881693,-0.20373888,-0.1337361,-0.12123101,-0.1319509,-0.20774007,-0.23331568,-0.17661312,-0.08181861,-0.06696978,-0.11458508,-0.22356224,-0.122544564,-0.19238488,-0.17142622,-0.20733441,-0.112809554,-0.08574914,-0.17649923,-0.20689966,-0.17503145,-0.15486364,-0.20293652,-0.21673283,-0.09466133,-0.18053743,-0.17513141,-0.09509814,-0.122898325,-0.12476734,-0.06827422,-0.17033313,-0.10940037,-0.1834664,-0.07877096,-0.17486656,-0.14821243,-0.1426116,-0.11038607,-0.09735678,-0.23930015,-0.18205269,-0.14790732,-0.15451832,-0.10476092,-0.24255788,-0.13545574,-0.14265844,-0.11038607,-0.09735678,-0.23930015,-0.032398097,-0.22890222,-0.15162979,-0.16138537,-0.042088185,-0.37212402,-0.33307236,-0.2751697,-0.011860428,-0.25704485,-0.3153239,-0.47585037,-0.5315963,-0.47687814,-0.29855415,-0.25961426,-0.2053472,-0.45466262,-0.47822842,-0.5165448,-0.2848998,-0.26589218,-0.22044612,-0.36899042,-0.36447734,-0.47706234,-0.3277053,-0.36697334,-0.33190706,-0.55752134,-0.42535183,-0.41193148,-0.4444145,-0.48903307,-0.4206172,-0.46413544,-0.5483918,-0.5164505,-0.45427328,-0.42314786,-0.5185536,-0.29045606,-0.17821154,-0.277098,-0.21675801,-0.2781037,-0.16225089,-0.2686154,-0.031831276,-0.07860149,-0.14454737,-0.021112945,-0.19801724,-0.18498607,-0.18681332,-0.2780232,-0.2897558,-0.39622438,-0.2443761,-0.03438235,-0.41944298,-0.0,-0.5897069,-0.3742577,-0.51511204,-0.0167084,-0.48572153,-0.2310742,-0.24623922,-0.21790949,-0.20032126,-0.085337326,-0.39177468,-0.16753455,-0.23944855,-0.19905655,-0.03961738,-0.056185644,-0.11265743,-0.30192977,-0.26531127,-0.33857608,-0.29213896,-0.31724122,-0.2696011,-0.3367481,-0.12633869,-0.33773446,-0.22172774,-0.29334193,-0.14005236,-0.15221992,-0.017326118,-0.22307096,-0.103008114,-0.16016485,-0.24883538,-0.29222786,-0.35925952
A549,-0.31419846,-0.3096238,-0.28998393,-0.23966293,-0.302332,-0.2609335,-0.26868632,-0.23654708,-0.30994487,-0.28867412,-0.17754732,-0.24225616,-0.21445996,-0.2281291,-0.19857788,-0.2643291,-0.18393359,-0.20471284,-0.13348655,-0.1615264,-0.2234958,-0.2401514,-0.23755133,-0.31820264,-0.23212542,-0.2491633,-0.25500116,-0.17513055,-0.22606026,-0.23770404,-0.23660012,-0.18789634,-0.18367364,-0.20424111,-0.23678099,-0.288423,-0.2475316,-0.28839245,-0.16946273,-0.1633936,-0.29005697,-0.14893761,-0.169235,-0.16423693,-0.1511983,-0.15116802,-0.20695004,-0.20165439,-0.17151737,-0.14475693,-0.19926162,-0.26738158,-0.26744324,-0.24150375,-0.19546054,-0.2207718,-0.23657477,-0.23705469,-0.24154417,-0.20844471,-0.27837512,-0.15151325,-0.19261909,-0.23066878,-0.21933252,-0.18037295,-0.19141309,-0.37707937,-0.36788037,-0.38558426,-0.42806542,-0.42033762,-0.4842419,-0.43455958,-0.41411185,-0.4540426,-0.46940333,-0.4422988,-0.45933804,-0.432017,-0.4692496,-0.48209566,-0.43401292,-0.325902,-0.4604579,-0.0,-0.0,-0.0,-0.0,-0.0003766415,-0.012898912,-0.0,-0.0,-0.38786674,-0.38727555,-0.33543685,-0.06462832,-0.10147637,-0.1885678,-0.20584328,-0.0,-0.16728517,-0.056877587,-0.20540549,-0.0,-0.05808898,-0.048895847,-0.13566662,-0.09127069,-0.25000593,-0.22596557,-0.21188124,-0.35156038,-0.21802491,-0.19319858,-0.25226876,-0.36648595,-0.31785792,-0.3136486,-0.19882043,-0.3538272,-0.17645921,-0.27941447,-0.20083359,-0.31213254,-0.37764394,-0.14156976,-0.20773764,-0.24004564,-0.2879249,-0.2084691,-0.13103853,-0.30256775,-0.2946963,-0.34354463,-0.30407107,-0.35284197,-0.336954,-0.36682484,-0.31781182,-0.35235715,-0.18297617,-0.3568704,-0.28670436,-0.2220595,-0.1998521,-0.2073526,-0.24422073,-0.09742316,-0.16872057,-0.14320423,-0.22987005,-0.2981539,-0.17545588,-0.1723785,-0.20006756,-0.2073526,-0.24422073,-0.09742316,-0.03549371,-0.08467862,-0.29955438,-0.23174022,-0.3305103,0.0,0.0,-0.0,-0.0,0.0,-0.0,-0.023777189,-0.0,-0.0,-0.0,-0.09458879,-0.12013135,-0.0,-0.0,-0.0,-0.1284333,-0.10419264,-0.21922837,-0.0769372,-0.0,-0.06826647,-0.18678232,-0.16799234,-0.14287111,-0.050059937,-0.0,-0.08506834,-0.0,-0.0,-0.0,-0.0,-0.0,-0.0,-0.0,-0.015678281,-0.0,-0.09359523,-0.22113687,-0.13727686,-0.20522149,-0.0,-0.2360278,-0.15766288,-0.17869888,-0.15380839,-0.091603205,-0.16871846,-0.15483655,-0.088601,-0.10084407,-0.0,-0.0,0.054098576,-0.0,-0.0,-0.0,-0.03297027,-0.0,-0.0,-0.003462812,-0.0,-0.031136906,-0.0,0.0,-0.0,-0.0,-0.0,-0.0,-0.19877426,-0.0,-0.2156173,-0.0,-0.36837107,-0.048950624,-0.17277624,-0.0,-0.07983667,-0.11466387,-0.10585929,-0.14324212,-0.17877093,-0.15330812,-0.11536118,-0.24788871,-0.14021036,-0.3420425,-0.3866066,-0.23950565,-0.09172538,-0.1951107,-0.11827986,-0.20838207,-0.0,-0.107770815
ASC,-0.21349476,-0.21612737,-0.24287799,-0.27625212,-0.286173,-0.2734604,-0.21718529,-0.2976659,-0.2618471,-0.32622004,-0.23889393,-0.27309814,-0.182571,-0.18731117,-0.11789871,-0.20048678,-0.19076177,-0.18368173,-0.147051,-0.18800786,-0.21975003,-0.2061977,-0.20870282,-0.1258346,-0.1557348,-0.17826623,-0.17594539,-0.13031864,-0.13478662,-0.13267167,-0.15796274,-0.10302724,-0.11185816,-0.11258329,-0.11753612,-0.062338024,-0.18070197,-0.061655633,-0.17729607,-0.1767896,-0.1319084,-0.29840043,-0.32866952,-0.30155325,-0.296002,-0.29302213,-0.32661957,-0.14265373,-0.008781034,-0.16222644,-0.117657594,-0.12379913,-0.09525258,-0.18917146,-0.22566177,-0.21456718,-0.19149058,-0.20979226,-0.12179091,-0.14187849,-0.121706694,-0.20257166,-0.15964228,-0.15696463,-0.1970248,-0.18460782,-0.18131657,-0.22260262,-0.23193537,-0.2521506,-0.16055341,-0.2185355,-0.2211593,-0.09439039,-0.24496792,-0.30660984,-0.06720822,-0.27191117,-0.28374624,-0.18998577,-0.17829353,-0.2008237,-0.19720456,-0.2377678,-0.12089372,-0.3165407,-0.31343377,-0.3233839,-0.32042366,-0.2859831,-0.30561772,-0.28490973,-0.29267442,-0.15759249,-0.16685478,-0.14166653,-0.121312045,-0.06446002,-0.082520165,-0.05697596,-0.0,-0.03914574,-0.061665848,-0.025530508,-0.0,-0.121832915,-0.081631474,-0.0,-0.0,0.0,-0.053877868,-0.05336004,-0.028675169,0.0,-0.034302358,-0.0,-0.0,-0.12944739,-0.04753418,-0.03338153,-0.02805738,-0.036499806,-0.04190064,-6.867926e-05,-0.015062241,-0.09696386,0.0,-0.021768343,-0.055069458,-0.09210074,-0.028331954,-0.0,-0.09568273,-0.011656725,-0.04075731,-0.11648455,-0.058930527,-0.09410989,-0.052298244,-0.016555132,-0.016532302,-0.001101663,-0.04349282,-0.021112021,-0.022972452,-0.18802406,-0.28405333,-0.16851576,-0.13746952,-0.0,-0.0799054,-0.20952609,-0.26675668,-0.19837013,-0.09841813,-0.18796283,-0.28405333,-0.16851576,-0.13746952,-0.2820964,-0.22003168,-0.1825234,-0.14432156,-0.08968282,0.065097235,-0.07007515,0.0,-0.033643097,0.0,-0.05546502,0.005447824,0.0114432275,0.0,-0.0,-0.0,-0.0067526796,0.0,0.0,0.0,-0.004707977,-0.08025915,-0.012315225,0.004895581,0.0,0.0,-0.0,-0.0,-0.0,0.0,-0.0,-0.02679844,0.0,-0.064300455,0.0,-0.0,0.0,0.0,-0.0,-0.0,0.0,-0.04625521,-0.005956986,-0.03993465,-0.017903265,-0.24477847,-0.29190478,-0.22791442,-0.27420312,-0.23880893,-0.17361924,-0.22022934,-0.24707447,-0.29859298,-0.2355644,0.0,-0.0,-0.0,0.090104796,0.0,0.0,-0.08856078,-0.0,0.0,0.13642944,-0.15723088,0.13301636,0.0,0.028884847,0.025404131,-0.0,-0.0,0.10212814,0.014090272,0.0,0.026093494,-0.016803002,-0.0,0.0,0.0,0.0,0.12941504,0.0,0.0,-0.0,0.0,0.0,0.0,0.04065011,0.0071994676,0.077262335,0.005274423,0.0,-0.0,-0.0,-0.0,0.0,0.06798162,0.039255776
BT20,-0.0,-0.0,-0.0,-0.0,-0.0,-0.0,-0.0,-0.0,-0.0,-0.0,-0.0,-0.0,-0.0,-0.0,-0.0,0.0,-0.0,-0.0,0.0,0.0,-0.0,0.03769361,-0.0,0.0,-0.0,-0.0,-0.0,-0.0,-0.0,-0.0,-0.0,-0.0,-0.0,-0.0,-0.028060092,-0.0,-0.0,-0.0,-0.0,-0.0,-0.0,-0.0,-0.0,-0.0,-0.0,-0.0,-0.0,-0.0,-0.0,-0.0,-0.0,-0.0,-0.0,-0.0,-0.0,-0.0,-0.0,-0.0,-0.0,-0.0,-0.0,0.0,-0.0,-0.011396483,-0.010342169,-0.0064162016,-0.0,0.0,0.0,0.0,0.0,-0.0,0.0,0.0,0.0,0.0,0.0,0.0,-0.0,0.0,0.0,-0.0,0.0,0.0,-0.0,0.0,0.0,0.0,0.0,0.0,0.0,0.0,0.0,-0.0,-0.0,-0.0,-0.0,-0.0,-0.0,-0.0,-0.13761608,-0.0,-0.0,-0.0,-0.0,-0.0,-0.0,-0.0018382247,0.0,0.042208087,0.07287157,0.0,0.016033452,0.045880213,0.026486283,0.020362658,0.024846526,0.0,0.021592168,0.0,0.040979706,0.0,0.021927709,0.044276446,0.029789388,0.0,0.0,0.01829355,0.0,0.012111354,0.014339162,0.0,0.023905212,0.0,0.002410792,0.0,0.021578742,0.0,0.021442054,0.033430282,0.056226306,0.0021727027,0.004440504,0.0,0.0,0.0,0.0,-0.0,0.0,-0.0,0.0,0.0,-0.0,-0.0,0.0,0.0,0.0,-0.0,0.0,-0.050245818,-0.012994455,-0.03133133,-0.0015259682,-0.028819675,-0.0,-0.0,-0.0,-0.08052232,-0.059709683,-0.105830334,-0.0,-0.0,0.0,0.0,0.0,0.0,0.0,-0.0,0.0,0.0,0.021889124,0.08333563,0.0,-0.0,0.06722129,-0.0,0.0,-0.0,0.0,-0.0,0.0,0.045845866,-0.0,0.0,-0.0,0.0,-0.0,-0.0,-0.0,0.0059550237,0.0,0.0,0.0,0.05924852,-0.0,-0.0,-0.0,0.0,0.0,0.0,0.0,-0.0,-0.0,-0.0,0.0,0.15063629,-0.0,0.0,-0.0,0.07172069,0.0028650006,0.0,0.020717692,0.025250634,-0.0,0.115857266,0.0015922395,-0.071460046,-0.048685364,0.0042091,0.0,0.030232107,0.03392967,-0.0,0.031409826,0.0,-0.0,0.013441994,0.08734212,0.032567143,0.0,0.0,0.036120787,0.04055657,0.10380113,0.022077516,0.093639925,0.042821188,0.04464991,0.0012371765,0.08924961,0.013268143,0.0,0.0057993867,0.0,0.0217032,-0.0,0.060983326
CD34,0.38368878,0.40260416,0.35965857,0.3923419,0.38316518,0.45585147,0.39955518,0.46653125,0.42489418,0.4585833,0.34711778,0.47599688,0.46151298,0.45970938,0.37942404,0.42222172,0.4252082,0.409494,0.36976308,0.3637474,0.46429583,0.45232427,0.45655084,0.39205503,0.44175372,0.46048656,0.4511925,0.5063826,0.42685297,0.45541716,0.45643303,0.5277009,0.5256283,0.5233512,0.44559935,0.45719272,0.42594826,0.4911223,0.13393565,0.15862638,0.13434106,0.40408695,0.36393604,0.3514584,0.36796275,0.39305836,0.37485132,0.40522233,0.36866438,0.38761717,0.44688025,0.3986467,0.37236723,0.39198142,0.42696863,0.3949393,0.42747864,0.41924337,0.42162308,0.4004006,0.34438804,0.38499388,0.36825186,0.4093857,0.4280943,0.3975145,0.37576187,0.5142487,0.35624894,0.34545836,0.4520199,0.45746353,0.41840404,0.4701429,0.367987,0.45904714,0.45672366,0.32102066,0.44937402,0.4387158,0.3812273,0.5179768,0.535471,0.4801839,0.5763776,-0.31390446,-0.31507263,-0.31861925,-0.30793235,-0.24199043,-0.24429017,-0.23196317,-0.24554856,0.47178078,0.47951686,0.49241757,0.40335184,0.47191682,0.4550572,0.43976748,0.12734953,0.42679912,0.3737498,0.44262248,0.31664386,0.42535684,0.33298296,0.33483097,0.25854117,0.4879268,0.56656635,0.5536708,0.57703936,0.46474022,0.6262363,0.5549967,0.601615,0.59188646,0.60837424,0.6484352,0.6227864,0.6091349,0.63266563,0.61202353,0.58806837,0.6134434,0.505477,0.6068892,0.6445287,0.601092,0.60237443,0.62071705,0.5994674,0.6129658,0.60102594,0.60587955,0.6109626,0.56846386,0.5673658,0.6044018,0.59467274,0.6458902,0.57231176,0.60858834,0.5865286,0.4142565,0.34389654,0.47705457,0.52477837,0.40570346,0.5148201,0.43071768,0.44316506,0.45515272,0.49081174,0.41432908,0.34389654,0.47705457,0.52477837,0.1910211,0.3535149,0.42863247,0.3817552,0.43507016,0.27167368,0.0,0.13549735,-0.0,0.094197795,0.045838233,0.26095864,0.045378286,0.119045496,0.11247498,0.1188926,0.06722755,0.2853417,0.051370583,0.08722425,0.032338608,0.072167285,0.015473788,0.36661693,0.0,0.05739669,0.2572499,0.2072088,0.28612864,0.25669143,0.28006768,0.2969034,0.36215636,0.24735908,0.31253856,0.13021664,0.18646532,0.2654066,0.2577862,0.23092738,0.1951971,0.06952381,0.080335066,0.1507483,0.09552086,0.0,0.2624798,0.19341344,0.39629397,0.4686871,0.53289115,0.46316072,0.39423263,0.33496672,0.30529013,0.017109334,0.24220705,0.08060299,0.14949861,0.074273385,0.1288826,-0.031005135,0.12160739,0.0,0.07784423,0.20839992,0.13459301,0.111771315,0.07350158,0.2224886,0.18976223,0.25392556,0.046554383,0.11581216,0.09127162,0.16479652,0.06787978,0.062053274,0.2665045,0.16205896,0.0,0.22232386,0.14600374,0.2326576,0.1639973,0.122399375,0.24298297,0.07544409,0.04942873,0.26595286,0.3566087,0.12705635,0.28707904,0.12645349,0.24187934,0.3065906,0.1376194,0.0,0.16500199
FIBRNPC,0.1556943,0.15668018,0.1380588,0.21538259,0.12541342,0.23474483,0.14937043,0.20210646,0.12882312,0.20833026,0.13568874,0.19837987,0.18148299,0.18364987,0.27893823,0.3101303,0.25621518,0.097347476,0.047824375,0.066567026,0.13071187,0.14011016,0.19239664,0.2514113,0.1841384,0.20191288,0.18725254,0.22974579,0.14677955,0.1453918,0.1360791,0.19392987,0.19477086,0.19457215,0.2027436,0.22840782,0.19977385,0.17647238,0.18731244,0.17743912,0.26373354,0.27355662,0.23769546,0.27425155,0.24585567,0.298608,0.24095286,0.15482348,0.09461852,0.047261607,0.1425556,0.1025452,0.10864692,0.098461285,0.054358844,0.12519546,0.11795127,0.2015069,0.1036145,0.097201966,0.15949638,0.103541456,0.15902588,0.09054608,0.09716213,0.14374845,0.10900824,0.21045534,0.24972102,0.2643747,0.26635012,0.31815574,0.30404526,0.29061964,0.28450662,0.31672412,0.2772938,0.29038197,0.32615015,0.2618243,0.26178625,0.2828835,0.24952231,0.20820479,0.311538,0.1054385,0.105578445,0.10193786,0.08563409,0.06815348,0.066226274,0.06439847,0.07160089,0.31085196,0.36204606,0.33132812,0.060136102,0.07556722,0.12778772,0.11504924,-0.0,0.1568352,0.09683146,0.18007115,0.07749762,0.02921901,0.115316235,0.08055663,0.13757858,0.16728738,0.07762668,0.16269396,0.19412526,0.11866864,0.10194738,0.11398378,0.18308438,0.110119075,0.13351265,0.12111355,0.18408489,0.1320614,0.19599201,0.1084899,0.17020218,0.17024446,0.1720159,0.16157135,0.12391481,0.1801789,0.14010286,0.09708557,0.21038575,0.17082295,0.21287729,0.14412071,0.16337699,0.18539934,0.18325643,0.1933777,0.16311847,0.11294199,0.1861332,0.16002299,0.1338684,0.16016015,0.14576589,0.13199772,0.13169616,0.16407572,0.17583685,0.16650602,0.16404694,0.20839466,0.1874754,0.16017571,0.14576589,0.13199772,0.13169616,0.07706751,0.13265757,0.1501263,0.14317594,0.12791656,0.0,0.4024098,0.010595249,0.06922683,0.0,0.03923096,0.19666411,0.22636461,0.3099241,0.031099252,0.04985422,0.087268695,0.12279112,0.246554,0.04336169,0.10261368,0.05763554,0.14379597,0.049392477,0.35303637,0.1836388,0.12331856,0.20998909,0.14477852,0.23498203,0.0,0.17294055,0.08819918,0.035856873,0.0,0.18285611,0.068487085,0.026460612,0.049366653,0.1049143,0.20165214,0.097445935,0.1505642,0.12619808,0.21929872,0.0,0.09040709,0.057606,0.0,0.039031446,0.01634593,0.020292027,0.1896593,0.16591688,0.1538212,0.008420684,0.0,0.0,0.0,-0.01872842,0.12059282,0.0,0.056090456,0.0,0.0,0.0,0.09144085,0.0,0.21697198,0.14341307,-0.0,0.0,0.1618709,0.14696728,0.022394449,0.07446427,-0.0,0.17414783,0.0,0.25511006,0.007806028,0.1596068,0.15778606,0.23407094,0.01843714,0.20616014,0.022608537,0.27167106,0.21530502,0.20448603,0.21392883,0.29277954,0.18595792,0.16012385,0.20913498,0.08253703,0.070798546,-0.0,0.18637551
HA1E,0.0,0.0037552998,0.0,0.0,0.0,0.0,0.0,0.0,0.0,0.0,0.0,0.0,0.0,-0.0,0.0,0.0,0.0,0.0,0.0,0.0,0.0,0.0,0.009858166,0.0,0.0,0.0,0.0,0.0,0.0,0.0,0.0,-0.0,-0.0,-0.0,0.0,0.0,0.0,0.0,0.0,0.0,0.0,-0.0,0.0,-0.0,-0.0,-0.0,-0.0,0.0,0.0,0.0,-0.0,0.0,0.0,0.0,0.0,0.0,-0.0,0.0,0.0,0.0,0.0,0.0,0.0,0.0,0.0,0.0,0.0,0.0,-0.0,-0.0,-0.0,-0.0,-0.0,-0.0,-0.0,-0.0,-0.0,-0.0,-0.0044078487,-0.0,-0.0,-0.02686011,-0.0,-0.0,-0.0,0.0,0.0,0.0,0.0,-0.0,-0.0,-0.0,-0.0,-0.0,-0.0,-0.0,0.0,-0.0,-0.0,-0.0,0.0,0.0,0.0,-0.0,0.0,0.0,0.0,0.0,0.0,-0.0,-0.0,-0.0,-0.0,-0.0,-0.0,-0.0,-0.0,-0.0,-0.0,-0.0,-0.0,-0.0,-0.0,-0.0,-0.0,-0.0,-0.0,-0.0,-0.0,-0.0,-0.0,-0.0,-0.0,-0.0,-0.0,-0.0,-0.0,-0.0,-0.0,-0.0,-0.0,-0.0,-0.0,-0.0,-0.0,-0.0,0.0,-0.0,-0.0,0.09826549,0.18123801,0.19284117,0.20429333,0.14054395,0.19791,-0.0,0.0,-0.0,-0.0,-0.0,-0.0,0.0,0.0,0.0,0.0,0.0,0.0,0.1460747,0.0,-0.0,-0.0,0.0,0.0,0.0,-0.0,-0.0,0.0,0.0,0.0,-0.0,-0.0,-0.0,-0.0,0.038834367,0.0,-0.0,-0.0,0.0,0.0,0.0,-0.0,0.0,-0.0,0.0,0.07538675,0.0,-0.0,0.0,-0.0,0.0,0.0,0.0,0.0,0.0,0.0,0.0,0.0,-0.0,-0.0,-0.0,-0.0,0.060967445,0.042304143,0.10582895,-0.0,-0.0,-0.27677405,-0.13451624,-0.17091939,-0.0,-0.14032389,-0.06178851,0.0,0.0,-0.0,0.0,-0.0,0.0,-0.0,0.0,0.018688276,0.0018045567,0.0,0.0,0.0,-0.0,0.0,0.0,0.006284433,0.0,-0.0,0.0,-0.0,0.0,0.0,-0.0,0.0,0.0,-0.0,-0.0,-0.0,0.0,0.0,-0.0,-0.0,-0.0,0.0,0.0
HCC515,-0.0,-0.08609794,-0.0,-0.017160686,-0.0,-0.02714263,-0.014715179,-0.12414014,-0.0,-0.06911981,-0.023495816,-0.06879151,-0.0,-0.0,-0.0,-0.0,-0.0,-0.09181538,-0.131407,-0.13515452,-0.03335298,-0.0,-0.025951527,-0.0,-0.0,-0.0,-0.0,-0.0,-0.0,-0.0,-0.0,-0.0,-0.0,-0.0,-0.06671242,-0.060941603,-0.082270235,-0.07127046,-0.15195605,-0.16154273,-0.13952011,-0.01730467,-0.0,-0.026322808,-0.0,-0.04048662,-0.0,-0.0,-0.0,-0.0,-0.0,-0.0,-0.0,-0.0,-0.0,-0.0,-0.0,-0.0,-0.0,-0.0,-0.0,-0.0,-0.0,-0.0,-0.0,-0.0,-0.0,-0.0,0.0,0.0,-0.0,-0.0,-0.0,-0.0,0.0,-0.0,-0.0,0.0,-0.0,-0.0,-0.0,-0.0,-0.0,-0.0,-0.0,0.017078085,0.03154023,0.025918564,0.024777232,0.015966574,0.031633,0.025672289,0.018691719,-0.0,-0.0,-0.0,-0.0,-0.0,-0.0,-0.0,-0.0,-0.006127225,-0.0,-0.0,-0.0,-0.0,-0.063895665,-0.0,-0.0,0.0,-0.0,0.0,0.0,0.0,0.0,0.0,-0.0,0.0,0.0,0.0,-0.0,0.0,-0.0,0.0,-0.0,0.0,-0.0,0.0,0.0,0.0,0.0,-0.0,0.0,0.0,0.0,0.0,0.0,0.0,0.0,-0.0,-0.0,-0.0,-0.0,0.0,0.0,0.0,-0.0,0.0,-0.0,-0.0,-0.0,-0.0,-0.0,-0.0,-0.0,0.0,-0.0,0.0,-0.0,-0.0,-0.0,-0.0,-0.0,-0.0,-0.06153445,-0.0,-0.06011765,-0.0,-0.0,0.0,-0.0016912547,-0.09473641,-0.0,-0.0,-0.0,-0.0,-0.040004082,-0.003852568,-0.0,0.0,-0.0,0.0,-0.0,-0.11239348,-0.0,-0.013475512,-0.0,-0.0,-0.0,-0.08289336,-0.052736294,-0.08562572,-0.014588356,-0.033652656,-0.12673451,-0.0,-0.034853086,-0.03226278,-0.013633668,-0.110321715,-0.0,-0.0,-0.0,-0.0,-0.0,-0.0,-0.0,0.0,0.0,0.0,0.0,-0.0,-0.0,-0.0,-0.0,0.0,0.0,-0.0,0.0,-0.0,-0.0,-0.0,0.0,-0.0,0.0,-0.0,-0.0,-0.38534644,-0.24593769,-0.0,-0.006338092,-0.047056753,-0.0,-0.0,-0.018444588,-0.077139765,-0.0,-0.0,-0.040148307,-0.0,-0.0,-0.0,-0.0,-0.0,-0.0,-0.0,-0.0126500325,-0.008908987,-0.0,-0.0,-0.0,-0.0,0.0,-0.0,0.0,0.0,0.0,-0.0
HEK293T,0.0,0.0,-0.0,0.0,-0.0,0.0,-0.0,0.0,-0.0,0.0,0.0,0.0,-0.0,-0.0,0.0,-0.0,0.0,-0.0,-0.022688968,-0.032919005,-0.0,0.0,0.0,0.0,0.009239429,0.010162315,7.560361e-05,0.0,0.0,0.0015885337,0.0,0.0,0.0,0.0,0.0,0.0,0.0,0.0,0.0,0.0,0.0,0.0,0.0,0.0,0.0,0.0,0.0,0.0,0.0,-0.0,0.0,-0.0,-0.0,0.0,0.0,0.0,-0.0,-0.0,-0.0,0.0,-0.0,-0.0,0.0,0.026341055,0.006625109,0.0,0.0013376528,-0.02709303,-0.08677944,-0.09390201,-0.005785358,-0.016369814,-0.05071677,-0.16214651,-0.08625017,-0.0685588,-0.17458753,-0.10746701,-0.07266962,-0.0471541,-0.10825587,-0.09661852,-0.10297289,-0.14284143,-0.07005525,0.15640081,0.15980537,0.16635953,0.16544338,0.2159812,0.20736267,0.20570602,0.20581272,0.0,0.0,0.0,0.0,0.0,0.0,0.0004192888,0.025700223,0.0,0.0,0.0029613061,0.0,0.0,-0.0,0.0,0.0,-0.23007043,-0.20522892,-0.20369032,-0.27914685,-0.18131131,-0.27409303,-0.22312872,-0.24583545,-0.2371788,-0.2773061,-0.26937318,-0.31587553,-0.22396323,-0.27527863,-0.26211295,-0.2564858,-0.27325773,-0.20539638,-0.28444567,-0.26663142,-0.25050324,-0.2474278,-0.2202672,-0.2616182,-0.27047238,-0.23440085,-0.22360578,-0.24778871,-0.24990717,-0.23218302,-0.26641762,-0.3025063,-0.2939728,-0.24127412,-0.2617163,-0.21227999,-0.08773738,-0.088686354,-0.05686435,-0.09652547,0.0,-0.0,0.0,0.0,-0.0,0.0,-0.08773446,-0.088686354,-0.05686435,-0.09652547,-0.0,-0.003108873,0.0,0.0,-0.0,0.0,-0.0,-0.0,0.01018351,-0.00074357516,-0.0068613994,-0.0,0.0,0.03435037,0.0,0.0,0.0,-0.0,-0.0,0.03483301,-0.0,-0.0,-0.0,0.0,-0.0,0.019594187,-0.0,-0.0,-0.0,0.0,-0.0,-0.0,-0.0,-0.0,0.0,-0.0,0.010356662,-0.0,-0.0,-0.0,0.0,-0.0,0.0,-0.0,0.0,-0.0,0.0,0.0,-0.17830299,-0.17811762,-0.24140938,-0.17362632,0.0,0.013533181,0.043021463,0.0,0.044313766,-0.012870134,-0.0,0.0,0.0,0.16091546,0.10341142,0.06827871,0.041305684,0.2393596,0.016283514,-0.055545356,-0.006012443,-0.0,-0.11670877,-0.052669298,0.0,-0.0,0.0,0.0,-0.0,0.107668504,-0.0,-0.0018665331,0.05357388,0.0,0.0,0.0,-0.0,-0.0,-0.0,-0.0,0.0,0.0,-0.0,-0.0,-0.047247842,-0.028168727,0.0,-0.0,0.0,-0.0,0.0
HEPG2,0.10831019,0.19039133,0.12433342,0.1482348,0.12440866,0.15558358,0.09571943,0.17023066,0.13790943,0.19936456,0.09182384,0.13903107,0.114273064,0.08314646,0.14505845,0.0786158,0.16119698,0.15682656,0.10564803,0.14179808,0.052821584,0.09042426,0.14268266,0.0862373,0.08704386,0.071450524,0.084955685,0.055147607,0.08230153,0.079816334,0.08757234,0.08578791,0.08870311,0.105580375,0.076659255,0.055902973,0.043882143,0.04550945,0.0,0.0,0.0,0.14510159,0.22608124,0.16858917,0.20859712,0.1393713,0.22596438,0.093126275,0.100906916,0.10442212,0.13026638,0.14259195,0.11569517,0.122600876,0.14640047,0.120091885,0.07030613,0.10533686,0.121027626,0.11257464,0.08881701,0.08907876,0.08640488,0.10246105,0.09762108,0.13585939,0.19441128,0.014839952,-0.021936513,-0.03439688,0.0,0.0,-0.0,0.0,-0.05791233,-0.0010893634,0.0,-0.026093401,-0.0060474994,0.0,-0.026485967,-0.0,0.0,-0.0,0.0,-0.0,-0.0,-0.0,-0.0,0.0,0.0,0.0,0.0,0.032172024,0.0,0.029411089,0.097932085,0.0975346,0.0,0.086365335,0.0,0.0,0.13223946,0.05860034,0.035165336,0.116552845,0.013530339,0.00018695921,0.13660339,-0.0,-0.040141974,-0.091679536,-0.037882376,-0.0,-0.039763197,-0.024538053,-0.0,-0.054849952,-0.051530905,-0.041654985,-0.009001785,-0.061928198,-0.057125915,-0.032292996,-0.039288856,-0.034051336,-0.01570849,-0.029674776,-0.006484555,-0.06536802,-0.0722169,-0.02540826,-0.08975616,-0.054867133,-0.060356528,-0.027258765,-0.04706711,-0.06577742,-0.049768973,-0.03523183,-0.03638948,-0.0875528,-0.030474529,-0.029316755,-0.035190713,-0.121711835,-0.0,-0.07228581,-0.10411718,0.049541406,0.006212462,0.049873214,0.040987764,0.13583708,0.0067701936,-0.121577516,-0.0,-0.07228581,-0.10411718,-0.0,-0.05766356,0.081910774,0.091635495,0.07737596,0.0,0.03518718,-0.08622177,0.0,-0.13893482,-0.118282564,0.0,-0.0,0.017421138,-0.09041429,-0.10116788,-0.10286778,0.0,-0.0,0.044338796,-0.09498026,-0.094125755,-0.04227951,0.03137704,0.0,0.05475998,-0.05207018,-0.0,-0.08360889,0.031237075,-0.12479843,-0.09098604,0.04536924,-0.013494017,0.0014156918,-0.0,0.0,-0.053854182,-0.10884018,-0.03800304,0.0,-0.08002908,-0.022232082,-0.08765717,-0.019837324,0.020562977,0.1341012,0.12698169,-0.040070865,-0.06514685,-0.03421224,-0.045691237,0.13289602,0.11831052,0.08784614,-0.14156094,-0.0,-0.0,-0.0,-0.18083642,-0.0,0.16191109,-0.0,-0.0,0.027046043,-0.16128105,0.0,-0.0,0.0,0.0,-0.10144103,-0.09933955,0.0,-0.010223061,-0.011828777,-0.042910796,0.0,-0.02609256,-0.10552912,-0.0,-0.07652556,-0.0,-0.048533615,-0.03445214,-0.06298628,0.0,-0.06386907,-0.0,-0.0,0.0,-0.03773716,0.0,-0.0769987,-0.06528118,-0.0,-0.064699344,-0.0,-0.030781643,0.0
HL60,0.0,0.0,0.0,0.0,0.0,0.0,0.0,0.0,0.0,0.0,0.029939024,0.0,-0.0,-0.0,0.0,-0.0,0.0,0.0,0.0,0.0,0.0,0.0,0.0,0.0,0.0,0.0,0.0,0.0,0.0,0.0,0.0,0.0,0.0,-0.0,-0.0,-0.0,0.0,-0.0,0.057989836,0.03961146,0.018853942,0.040671818,0.0,0.07279639,0.0073473034,0.041063372,0.023417974,0.0,0.0,0.0,0.0,0.0,-0.0,0.0,0.0,0.0,0.0,0.0,0.0,0.0,0.0,0.0,0.0,0.0,0.0,0.0,0.0,0.0,0.05554514,0.043069016,0.0,0.0,0.0,0.0,0.0012313793,0.0,-0.0,0.07263923,0.0,0.0216023,0.0,0.0,0.0,0.0,0.0,0.0,0.0,0.0,0.0,0.0,0.0,0.0,0.0,0.0,-0.0,0.0,0.0,0.0,0.0,0.0,0.27179512,0.0,0.0,0.0,0.0,0.0,0.019148521,0.08531489,0.009640651,-0.0,0.0,0.0,-0.0,-0.0,0.0,-0.0,-0.0,0.0,0.0,-0.0,-0.0,-0.0,-0.0,-0.0,-0.0,0.0,-0.0,-0.0,0.0,0.0,0.0,-0.0,-0.0,-0.0,-0.0,0.0,0.0,-0.0,-0.0,-0.0,0.0,0.0,-0.0,-0.0,-0.0,0.028750576,0.0,0.023596548,0.0,-0.0,-0.0,0.0,0.0,0.0,-0.0,0.028807584,0.0,0.023596548,0.0,0.093150966,0.03584097,0.0,0.0,0.0,0.0,0.0,0.0,-0.07010346,0.0,0.18465176,0.0,0.0,0.0,0.0,0.0,0.0,0.0,-0.0,-0.0,0.0,0.0,0.0,-0.0,-0.0076087103,-0.0,-0.0,-0.0,-0.0,-0.0,-0.0,-0.0,0.0,0.0,0.0,-0.0,0.0,0.0,-0.0,0.0,0.0,0.0,0.0,0.0,0.0,0.24403444,0.0,0.0,0.1801076,0.120118804,0.09929338,0.082631506,0.0,0.0,0.0,0.0,-0.0,-0.0,-0.0,-0.0,0.0,-0.29322454,-0.08084931,0.0,-0.0,-0.0,-0.0,0.0,0.0,-0.078744695,-0.044785865,-0.0,-0.0,-0.0,0.0,-0.0,-0.0,-0.0,-0.0,-0.0,0.0,-0.0,-0.0,-0.0,-0.0,-0.0,-0.0,-0.0,0.0,0.0,-0.0357704,-0.0,0.0,-0.0,-0.008961429,-0.009668697,-0.0,-0.0,-0.0
HS578T,0.0,0.002406556,0.0,0.037214372,0.0,0.0,0.0,0.0,0.0,0.0,0.0,0.0,0.0,0.0,0.0,0.0,0.0,0.0,0.008576004,0.0,0.0,0.0,0.0,0.0,0.0,0.0,0.0,0.0,0.0,0.0,0.0,0.0,0.0,0.0,0.0,0.0,0.0,0.0,-0.0,-0.0,-0.0,0.0,0.0,0.0,0.0,-0.0,0.0,0.0,0.0,0.0,0.0,0.0,0.0,0.0,-0.0,-0.0,0.0,0.0,-0.0,-0.0,-0.0,-0.0,-0.0,0.0,0.0,0.0,0.0,0.0,0.0,0.0,0.0,0.0,0.0,0.0,0.0,-0.0,0.0,0.0,0.0,-0.0,-0.0,-0.0,0.0,0.0,-0.0,0.12692064,0.12653247,0.124244966,0.13973026,0.22433695,0.21125971,0.237495,0.2086099,-0.0,-0.0,-0.0,0.0,0.0,0.0,0.0,-0.0,0.0,0.0,0.0,-0.0,-0.0,-0.0,0.0,0.0,0.0,0.07604581,0.0,0.0,0.092733555,0.0,0.0,0.0,0.0,0.0,0.0,0.0,0.0,0.0,0.0,0.0,0.0,0.0062535647,0.0,0.0,0.0,0.0,0.05635559,0.0,0.0,0.0,0.0,0.0,0.0,0.0,0.0,0.0,0.0,0.0,0.0,0.0,0.0,0.0,0.0,0.0,0.0,0.0,0.0,0.0,0.0,0.0,0.0,0.0,0.0,0.0,-0.0,-0.0,0.0,0.0,0.0,0.0,-0.0,0.06258481,0.09197081,0.22399332,0.14460632,0.0,0.0,0.0,0.08222588,0.12030881,0.1182474,0.0239786,0.08053998,0.12094434,0.033387445,0.08402133,0.058628064,0.019170828,0.0010767767,0.05695153,0.12498005,0.049302705,0.15842701,0.0,0.10929393,0.0,0.0,0.109500974,0.0,0.11484231,0.14987567,0.12595524,0.12781274,0.012744884,0.0,0.08243243,0.07136787,0.09143825,0.023626141,-0.0,0.0,0.0,0.0,0.0,0.0,0.0,0.0,0.0,0.0,0.15248118,0.027267901,0.32296294,0.20799828,0.34075585,0.076252334,0.3195981,0.21900566,0.31432188,0.31132066,0.06988257,0.17884362,0.11717982,0.18297215,0.24640675,0.22483645,0.05905573,0.124080576,0.09494187,0.12578475,0.16831937,0.20101103,0.0,0.18652904,0.07286301,0.22414748,0.10689962,0.107701756,0.023923663,0.25777602,0.10470571,0.25017086,0.0627604,0.078699276,0.14644377,0.07500028,0.02661538,0.07041766,0.1431106,0.035858054,0.16983162,0.13476941,0.08286053,0.096735425
HT29,0.0022870179,0.0,0.0,0.0,0.0,0.0,0.0,0.0,0.0,0.0,0.0,0.0,0.0,0.0069506494,0.0,0.0,0.0,0.0,0.0,0.0,-0.0,-0.09588498,-0.0,-0.0,0.023455888,0.028478285,0.025449589,0.011093309,0.031138983,0.024438683,0.022791015,0.0,0.0018222459,0.014184425,0.09006755,0.1042665,0.04546122,0.09471562,0.03916515,0.043992847,0.0568236,0.0,0.0,0.0,0.0,0.0,0.0,0.0,0.0,0.0,0.0,0.0,0.0064576617,0.0,0.0,0.027784182,0.0,0.0,0.0,0.0,0.0,0.017172633,0.016663346,0.0,0.0,0.0,0.0,-0.0,0.0,0.0,0.0,0.0,0.0,-0.0,0.0,0.0,-0.0,0.0,0.0,-0.0,0.0,0.0,0.0,-0.0,0.0,0.07212384,0.06847537,0.08595441,0.083937004,0.06468265,0.06714045,0.04420007,0.07029218,0.069971845,0.0051807044,0.02443214,0.0,0.0,0.0,0.0,-0.0,0.025068577,0.0,0.0,0.0,0.01573833,0.029529782,0.0,0.0,0.0,0.0,0.0,0.0,0.0,0.0,0.0,0.0,0.0,0.0,0.0,0.0,0.0,-0.0,0.0,0.0,0.0,0.0,0.0,0.0,0.0,0.0,-0.0,0.0,0.0,0.0,0.0,0.0,0.0,0.0,0.0,0.0,-0.0,0.0,0.0,0.0,0.0,-0.021162158,0.0,0.0,0.0,0.0,0.0,0.0,0.0,0.0,0.0,-0.021162158,0.0,0.0,0.00011060473,0.0,0.0,0.007304754,0.0,-0.0,0.0,-0.0,-0.006544283,-0.030955289,0.043760434,0.0,-0.0,0.050035454,-0.02031428,-0.0,-0.0,-0.0,-0.0,0.05418903,-0.0,-0.0,-0.0,-0.0,-0.0,0.14703868,-0.0,-0.0,-0.0,0.04898927,-0.0,-0.0,0.0,-0.0,0.0,-0.0,0.026120294,-0.0,-0.0,-0.0,-0.0,-0.0,-0.0,-0.0,-0.0,0.0,0.0,0.0,0.0,0.0,-0.0,0.0,0.0,0.0,0.0,-0.025452025,-0.017329808,-0.0,-0.0,-0.171061,-0.0,-0.039984904,-0.0,0.0,-0.0,-0.0,-0.007468492,-0.06398486,-0.0,0.0,-0.016077446,-0.08619893,-0.0,-0.012107975,-0.032178037,-0.010468916,-0.0,-0.0,-0.07679343,-0.017755669,0.0,-0.0,-0.008460291,-0.0,-0.0035456815,-0.0,-0.07606969,-0.0,-0.0022416932,-0.03403411,-0.02454205,-0.0,-0.11086069,-0.0,-0.0,-0.012534154,-0.0,-0.0,-0.0
HUH7,0.017404782,0.02447166,0.041120186,0.010534993,0.043185603,0.07593112,0.059048407,0.037901826,0.0077666393,0.024544278,0.014899637,0.06349046,0.0052057183,0.0,0.0,0.0,0.0,0.029913176,0.0581497,0.037564907,0.0,-0.0,0.012435895,0.0,0.064807124,0.074776,0.0767656,0.0,0.08992608,0.08885572,0.08319083,0.023089431,0.019250007,0.0,0.058211986,0.033411708,0.07340305,0.04611271,0.0360757,0.038923252,0.03118745,0.08431561,0.035982694,0.05738845,0.0356425,0.06988671,0.048408415,0.041364837,0.0,0.0,0.043948587,0.026404364,0.035728406,0.02264417,0.013067483,0.016390083,0.06835464,0.0,0.0,0.0,0.0014983442,0.0,0.008256763,0.108787425,0.116065,0.099669084,0.044850547,0.0,-0.0,-0.0,-0.0,-0.0,-0.0,-0.017610677,-0.0,-0.0,-0.008169234,-0.0,-0.0,-0.0,-0.0,-0.0,-0.0,-0.020693066,-0.0,0.12681551,0.12608765,0.113930546,0.11993025,0.1179191,0.10849599,0.1326154,0.10413663,0.023252256,0.0,0.0,0.017684449,0.10653755,0.0,0.040524516,0.0828552,0.0,0.0,0.11789468,0.0,0.0,0.0,0.0,0.0,-0.057568837,-0.0,-0.047880422,-0.0,-0.088505246,-0.03307276,-0.037784312,-0.004446612,-0.009076488,-0.0008517529,-0.038004506,-0.009246981,-0.047973257,-0.015005578,-0.03491776,-0.0005023619,-0.0,-0.034513697,-0.031706437,-0.03603717,-0.0,-0.033494752,-0.045260727,-0.005883105,-0.0029024433,-0.008429976,-0.021328436,-0.009361962,-0.017081162,-0.013190832,-0.022379335,-0.0,-0.0047521875,-0.0,-0.0,-0.041791063,-0.058581717,-0.03044144,-0.10254085,-0.06832598,-0.0,-0.0,0.0,0.0,0.0,-0.0,-0.05873819,-0.03044144,-0.10254085,-0.06832598,-0.13043252,-0.21468031,0.08593573,0.09115556,0.043209013,-0.0,0.049183674,-0.043135438,0.06145419,0.0,0.0,0.0,-0.0,0.08168763,-0.10779697,-0.045832917,-0.055362936,0.0,-0.0,0.007821435,-0.02685751,-0.044779185,-0.07553827,0.0,0.0,0.0,-0.0016032234,-0.0,-0.0,0.0,-0.036810625,-0.07799999,0.0,-0.053571813,0.0,-0.100332946,0.0,-0.047054224,-0.047872733,-0.07874202,-0.0,-0.0068454593,-0.070746526,-0.039100915,-0.071976624,0.1146191,0.12514006,0.10670117,-0.0,-0.0,-0.0,-0.0,0.0,0.0,0.0,-0.0057631405,-0.0,0.0,-0.0,-0.0,-0.033531025,-0.027193991,0.0,-0.0,0.0,-0.046736028,-0.0011391436,-0.007590921,-0.0,0.0,-0.10242451,-0.0,-0.0,-0.099579,-0.15110362,-0.0,-0.06494835,-0.0,-0.06177759,-0.021946829,-0.0,-0.113914,-0.0045292247,-0.13820827,-0.03606336,-0.0,-0.0,-0.070129715,-0.0063279755,-0.073077016,-0.018154439,-0.0,-0.038563352,-0.1411679,-0.06687986,-0.061476044,-0.042036526,-0.13905609,-0.004496768
JURKAT,-0.18526822,-0.22696409,-0.15457553,-0.13156125,-0.10965207,-0.1402128,-0.15656196,-0.1907013,-0.1629754,-0.20424016,-0.19636199,-0.168067,-0.24949698,-0.26950935,-0.2514799,-0.18452927,-0.25455388,-0.16871133,-0.1739905,-0.15478362,-0.046321888,-0.1261826,-0.08145027,-0.15331893,-0.19440104,-0.19332062,-0.20640555,-0.29536545,-0.1965765,-0.18308754,-0.18162449,-0.24827656,-0.23851208,-0.24415813,-0.18106425,-0.19144423,-0.11671869,-0.18127128,-0.071868844,-0.0656133,-0.05423031,-0.20666528,-0.15905243,-0.2015224,-0.18339284,-0.2201985,-0.14796895,-0.20625803,-0.22911021,-0.20763054,-0.20370486,-0.21632428,-0.21887334,-0.21127714,-0.1949781,-0.19393978,-0.17750022,-0.1690371,-0.23591624,-0.20277771,-0.25493088,-0.2430339,-0.21872783,-0.1541081,-0.15000261,-0.13072053,-0.16596,-0.030932073,0.06477006,0.068009585,-0.060539037,-0.0,0.0,-0.0,0.082320414,0.0,-0.0,0.074686654,0.0,-0.00607328,0.057753116,0.0,-0.06342508,-0.024283826,-0.14021808,-0.0010000076,-0.0,-0.008052254,-0.0049973037,-0.100784205,-0.09113829,-0.099020936,-0.089722835,-0.14269629,-0.09544266,-0.17809296,-0.16351558,-0.15488683,-0.1439749,-0.13058862,-0.0962188,-0.17165439,-0.15283464,-0.15972526,-0.12891042,-0.179703,-0.23641543,-0.15178956,-0.21368818,-0.0,0.0,0.0,-0.0,-0.012901526,0.0,0.0,-0.00091394375,0.0,-0.0,-0.0,-0.0,-0.0,-0.0,-0.0,-0.0,0.0,-0.007062823,-0.0,-0.0,-0.0,-0.0,-0.012845057,-0.0,-0.0,-0.0,0.0,0.0,0.0,0.0,-0.0,0.0,-0.0,0.0,-0.0,0.0,0.0,-0.0,0.0,-0.014141406,-0.0,-0.0,-0.0,-0.0,-0.104787506,-0.031658716,0.0,-0.0,0.0,-0.014141406,-0.080282636,-0.080604814,-0.14540109,-0.18890472,-0.17352848,-0.026766475,-0.0,0.032550592,-0.0,0.0,0.0053371186,-0.16089238,-0.014312114,-0.2130523,0.0,0.0,0.0,-0.15957479,-0.035354994,-0.10793041,0.020994965,0.0,0.061852403,-0.1695171,-0.024150657,-0.14463316,-0.019841053,-0.0,-0.0,-0.18870604,-0.0,-0.043985218,-0.16986327,-0.03242029,-0.1695207,-0.10175219,-0.12808548,-0.03158557,-0.0012622462,-0.0023932327,-0.12882538,0.0,0.0,0.0,0.017813303,-0.04162592,-0.13250606,-0.16181725,0.011286997,0.0,0.0,0.011929512,-0.016985469,-0.0031895216,-0.02327456,0.0,-0.10068203,-0.06857902,-0.0,-0.0,-0.12474946,-0.15971908,-0.08413418,-0.054328386,-0.07777264,-0.0,-0.12089069,-0.0044410923,-0.28187335,-0.04788402,-0.079166085,0.051317193,-0.08389499,0.0,-0.075569406,0.0,0.0,0.0,0.005197345,-0.0904543,-0.108936645,-0.1056864,-0.058776863,-0.006884511,-0.0,-0.11310043,0.0,-0.12460169,-0.0,-0.13705562,-0.05101907,-0.0,0.0,0.093164936,-0.026618904,-0.0,0.00528876,0.0,-0.10353404
MCF10A,0.24745724,0.11868558,0.20655839,0.0,0.20546141,0.0,0.18898743,0.055943977,0.21768616,0.05160672,0.25436985,0.02459541,0.0,0.030741004,0.0,0.0,0.0,0.19689958,0.14904748,0.16703536,0.0,0.02549955,0.0,0.028276706,0.043142475,0.05921561,0.059126582,0.08548198,0.10173568,0.075836614,0.08331139,0.08969548,0.09112912,0.091819614,0.07793609,0.09356254,0.14450733,0.11381131,0.0963508,0.10151631,0.08407982,0.0,0.0,0.0,0.0,0.0,0.0,0.16297252,0.19370778,0.16042331,0.109515734,0.17523341,0.19678417,0.19310255,0.18024959,0.15836725,0.15369736,0.102064505,0.2169474,0.18530145,0.1555467,0.17442352,0.192627,0.091321975,0.09566994,0.060035504,0.12058873,0.0,-0.0,0.0,0.0,0.0,0.0,0.0,-0.0,-0.0,0.0,-0.0,-0.0,0.0,0.0,0.0,0.0,0.0,0.0,0.077460945,0.0685419,0.070834205,0.089371756,0.06305562,0.05435451,0.07417676,0.06060587,0.09949628,0.036347397,0.05976649,0.14173338,0.10428337,0.124249876,0.08042133,0.075479545,0.10439016,0.15881753,0.06926389,0.1882232,0.13729174,0.11748182,0.183711,0.20088132,0.013839707,0.0,0.0,0.023618218,0.011063556,0.082643814,0.002571018,0.036181282,0.035884876,0.060514674,0.10176056,0.05845877,0.024253963,0.024159117,0.06357473,0.0,0.060722947,0.06683191,0.06843336,0.1084551,0.0,0.06843371,0.05529802,0.028851388,0.12118211,0.073138855,0.014806007,0.051660042,0.03389868,0.024012415,0.040538266,0.014501484,0.079342306,0.008286425,0.047761943,0.018462509,0.060430393,0.037610233,0.09614938,0.08582177,0.11202181,0.03874259,0.10274074,0.0693489,0.0013224375,0.052644636,0.06051365,0.037610233,0.09614938,0.08582177,0.0,0.1192987,0.10182617,0.09255563,0.079142995,0.2317191,0.0367405,0.1812988,0.24283004,0.19563201,0.26166636,0.24153967,0.2540439,0.31920436,0.18944004,0.2885458,0.24631779,0.21854234,0.14158364,0.28661564,0.32932025,0.23736627,0.31978858,0.18921879,0.18405218,0.2919781,0.19079016,0.22592957,0.07450375,0.30481842,0.18429497,0.22447553,0.23423377,0.25985488,0.2486873,0.12012352,0.28802007,0.17765217,0.12792924,0.22796495,0.26686156,0.12620704,0.26663896,0.18762313,0.24855667,0.19489017,0.08377366,0.15145536,0.00078026415,0.0073236697,0.07838541,0.019194448,0.023513421,0.020467734,0.022913894,0.23023412,0.09141936,0.061044555,0.21640441,0.0,0.124753825,0.0,0.2255997,0.18697515,0.1399565,0.029573139,0.1276499,0.10345,0.12574121,0.018874075,0.12533467,0.029316694,0.13797472,0.04124095,0.09713753,0.08332413,0.0,0.27822277,0.0,0.020108635,0.01818398,0.18308134,0.13165982,0.16938941,0.044898257,0.15889502,0.0,0.12900586,0.07518643,0.09498578,0.11590731,0.040822525,0.0,0.0,0.10503319,0.20281903,0.10845381,0.058698114,0.15911734
MCF7,-0.06825893,-0.06511593,-0.07471816,-0.010551113,-0.029935895,-0.0037319039,-0.063915946,-0.0353297,-0.01762596,-0.068127215,-0.14884675,-0.0426068,-0.0840761,-0.07749389,-0.06790535,-0.13839842,-0.0903538,-0.0,-0.029723832,-0.05126995,-0.14544247,-0.09377018,-0.089910366,-0.16097902,-0.08035023,-0.06947824,-0.0781107,-0.11327038,-0.053765677,-0.04461706,-0.050884098,-0.0847273,-0.095145404,-0.09571175,-0.018789884,-0.0,-0.056768667,-0.0,-0.09691306,-0.088231705,-0.18780085,-0.0715255,-0.05960584,-0.047440846,-0.063992344,-0.08096816,-0.048947003,-0.092912175,-0.031184556,-0.114915706,-0.07965192,-0.09573301,-0.089186884,-0.12081774,-0.11103227,-0.12519579,-0.10854852,-0.18092771,-0.12473673,-0.10974802,-0.056738053,-0.16980076,-0.12653038,-0.078825414,-0.06989772,-0.059048906,-0.025715739,-0.14233753,-0.037115127,-0.02636761,-0.16135184,-0.09942075,-0.0146188615,-0.1433417,-0.012017529,-0.07833487,-0.10379719,-0.024793183,-0.07168877,-0.19444086,-0.0016868948,-0.030830842,-0.1547271,-0.20538342,-0.17813878,-0.0,-0.0,-0.0,-0.0,-0.0,-0.0,-0.0,-0.0,-0.1278097,-0.14183779,-0.13729832,-0.10208849,-0.07836908,-0.05150349,-0.09805148,-0.03051816,-0.101667225,-0.115891874,-0.13184318,-0.13538316,-0.17728475,-0.16260654,-0.072588764,-0.09257999,0.0,-0.0,-0.027539404,-0.0,-0.0,-0.04760172,-0.0018369211,-0.0,-0.031699523,-0.05653526,-0.04409546,-0.0,-0.0,-0.010360051,-0.0,-0.0,-0.025719142,-0.0,-0.0,-0.058930352,-0.0,-0.027786583,-0.0,-0.0,-0.0,-0.0,-0.0010291911,-0.028986955,-0.027957855,-0.0,-0.0,-0.01776811,-0.07409213,-0.0,-0.0,-0.009795156,-0.10153213,-0.10985665,-0.04008351,-0.24103159,-0.0,0.0,-0.0,-0.0,-0.0,0.0,-0.10115363,-0.10985665,-0.04008351,-0.24103159,-0.0,-0.1077905,-0.049897037,-0.0685915,-0.08675035,0.0,-0.0,-0.039663594,0.0,-0.0,-0.0,-0.011471133,-0.0,-0.0,-0.0,-0.12462504,-0.09578564,-0.10081136,-0.048083186,-0.0,-0.043433186,-0.022673732,-0.10558439,-0.0,-0.0,-0.0,-0.108995475,-0.20644502,-0.04782686,-0.0,-0.028167613,-0.07470142,-0.0,-0.09820864,-0.0,0.0,-0.0,-0.042797282,-0.07832726,-0.08703506,-0.011906269,-0.086037755,-0.10799508,-0.114644274,-0.12396031,-0.19207346,-0.15751915,-0.18666497,-0.21757126,-0.18134432,-0.25118023,-0.23448269,-0.022531763,-0.047393244,-0.049729697,0.0,-0.0,0.12931985,-0.0,-0.0,-0.0,0.0,0.03560134,0.0,0.0,0.074438535,-0.0008723417,-0.0,-0.0,-0.0,-0.028883398,-0.0,-0.0,-0.0,-0.0,-0.06436488,-0.08391845,-0.026642004,-0.0,-0.09047466,-0.0,-0.0,-0.025126642,-0.0,-0.05562811,-0.031792898,-0.0,-0.003078477,-0.099865995,-0.0,-0.009861983,-0.098923184,-0.0,-0.0,-0.023998179,-0.0,-0.13732393,-0.0,-0.034302205
MDAMB231,0.14452133,0.07907338,0.13308446,0.017996674,0.1270026,0.0,0.1462263,0.061484315,0.12502818,0.01099512,0.13944614,0.044904783,0.11844806,0.091749616,0.0,0.011013024,0.036754042,0.16789667,0.25129554,0.23321031,0.08451986,0.014770789,0.08564195,0.03797571,0.14066033,0.13906826,0.1373702,0.058959596,0.14685176,0.14034228,0.14311433,0.06432984,0.06785593,0.07139258,0.21160176,0.18975194,0.18320353,0.20251471,0.1158687,0.12478146,0.13423115,0.0,0.0,0.0,0.0,0.0,0.0,0.20994562,0.3042802,0.27250963,0.11055557,0.21623577,0.2628027,0.2382045,0.20707768,0.23515971,0.19091088,0.1410464,0.24695891,0.21891823,0.26610112,0.2700207,0.22691017,0.13014475,0.12550068,0.07951672,0.12391549,0.040860556,0.0,0.0,0.056403752,0.0,0.0,0.0,0.0,0.0,0.006278183,0.0,0.0,0.0,0.0,0.0,0.0,0.050053373,0.0,0.17082272,0.17733411,0.18315254,0.174567,0.09415985,0.10728253,0.059532583,0.10386333,0.06662634,0.04314825,0.05980237,0.24771388,0.18072355,0.28019047,0.21944423,0.1777593,0.30019838,0.2600601,0.20260784,0.31286803,0.23316902,0.29754326,0.2886202,0.17928167,0.10078683,0.0,0.03223099,0.0,0.049818058,0.0,0.03455972,0.009661793,0.0,0.0,0.011187256,0.0,0.038344406,0.04250144,0.03761657,0.038346656,0.0,0.10301533,0.004396178,0.00015185929,0.016942771,0.007041088,0.0389257,0.0052922987,0.013902574,0.0,0.0,0.0,0.00059175474,0.013128723,0.039255112,0.0,0.022488093,0.0,0.0,0.05016699,0.0048221825,0.0,0.0,0.0,0.0814485,0.025465203,0.0,0.0,0.0,0.03735794,0.004731307,0.0,0.0,0.0,0.0,0.064077385,0.14229183,0.15933532,0.158176,0.37709284,0.20166479,0.082136326,0.0,0.07573107,0.117201135,0.25674808,0.22573765,0.28596377,0.14402981,0.13409917,0.12849234,0.29287878,0.15035798,0.315589,0.1554713,0.106898025,0.0633213,0.3281562,0.19480999,0.21756339,0.1229089,0.09167129,0.10191709,0.25509548,0.2378071,0.20080978,0.25020197,0.09735907,0.28406307,0.2877002,0.3002433,0.26261836,0.17656423,0.1527252,0.26028377,0.10585815,0.09051992,0.05733341,0.03971171,0.0,0.12993388,0.110706575,0.0,-0.0,0.0,0.0,0.0,0.0,0.0,0.06863694,0.15033719,0.26835215,0.0,0.20084876,0.09836919,0.06737647,0.0,0.005838697,0.12652947,0.051303275,0.08360043,0.0,0.0,0.09801332,0.101154275,0.0,0.10555182,0.045401942,0.08207585,0.0020299715,0.0,0.068193525,0.056338087,0.019999472,0.0,0.047537334,0.07683342,0.050566707,0.028155372,0.06876221,0.0,0.07637706,0.0,0.0,0.0,0.0,0.034293063,0.045170847,0.0,0.0,0.0,0.07198075,0.041807976
NEU,-0.0,-0.0,-0.0,0.0,-0.0,0.17329913,-0.0,0.0,-0.0,0.057280377,-0.0,0.05399135,0.0,0.0,0.0,0.0,0.0,-0.0,-0.0,-0.017598705,-0.10941675,-0.031550385,-0.0195637,-0.019258294,-0.0,-0.0,-0.0,0.0,-0.0,-0.0,-0.0,0.0,0.0,0.0,-0.0,0.0,0.0,-0.0,0.0,0.0,0.0,0.07449869,0.0013659874,0.06609661,0.00026107603,0.064732626,0.022588203,-0.0,-0.042515337,-0.0,-0.0,-0.0,-0.0,-0.008473384,-0.009561445,-0.0,0.0,-0.0,-0.0,-0.061906032,-0.016951716,-0.045014955,-0.0,-0.0,-0.0,-0.0,-0.0,-0.0,0.062011577,0.048823927,-0.0,0.022605304,0.020739367,0.0055032847,0.089292236,0.035716116,0.0,0.06428972,0.038159776,-0.0,0.07058305,0.020381752,0.0,0.0,-0.0,0.0,0.0,0.0,0.0,0.036234986,0.042423297,0.041270275,0.035753645,0.0,0.0,0.0,-0.050953534,-0.0,-0.0,-0.0,-0.0,-0.018929262,-0.0,-0.0,-1.8198321e-05,-0.072708584,-0.037069105,-0.00077705353,0.0,-0.0,-0.0,-0.0,-0.0,-0.039481733,-0.0,-0.0,-0.0,0.0,-0.0,-0.0,-0.0,-0.0,-0.0,-0.0,-0.0,-0.0,-0.0,-0.0,-0.0,-0.0,-0.0,-0.07582728,-0.0,-0.0,-0.0,-0.0,-0.0,0.0,-0.0,-0.0,-0.0,-0.0013459598,-0.0,-0.0,-0.0,0.11334435,0.0,0.08258058,0.027990364,-0.0,-0.0,-0.0,-0.0,-0.0,-0.0,0.11322154,0.0,0.08258058,0.027990364,0.14268588,0.08398519,-0.0,-0.0,-0.0,-0.17043123,-0.014495019,-0.061287217,-0.0022541753,-0.0,0.027363457,-0.13919993,-0.08956107,-0.0819654,-0.011661806,-0.0,0.0,-0.08432037,-0.14452879,-0.1526402,-0.0,0.0101147555,-0.0,-0.05453233,-0.12013774,-0.063551895,-0.0,-0.0,-0.0,-0.057197437,0.0,-0.0,-0.06297135,-0.0,-0.081956886,-0.050555713,-0.0,-0.0,-0.0,-0.0,-0.0,0.0,0.0,0.0,0.0,0.0,-0.0,-0.0,0.0,0.002401471,0.0,0.014117759,0.0,-0.0,-0.0,-0.009611451,-0.02431896,-0.0,-0.0,-0.0,-0.22501656,-0.062833,0.15002142,-0.0,-0.0,0.08976554,-0.088870965,-0.0,-0.0,-0.0,0.0,0.0,-0.25217712,-0.038598474,-0.015948338,0.0,0.056106616,-0.021490054,-0.047463108,-0.09575414,0.0,-0.085983716,-0.055269267,-0.03816237,-0.008019994,-0.17444381,-0.07434706,-0.1921662,-0.07551374,-0.06995363,0.0,0.0,-0.0,0.0,-0.0,0.031341013,-0.0,-0.0,-0.18112493
NKDBA,0.0,0.0,0.0,0.0,0.0,-0.0,0.0,0.0,0.0,0.0,0.0,0.0,0.0,0.0,0.0,0.0,0.0,0.0,0.0,0.0,-0.0,0.0,-0.0,0.0,-0.0,-0.0,-0.0,-0.0,-0.0,-0.0,-0.0,-0.0,-0.0,-0.0,-0.0,-0.0,-0.0,-0.0,0.0,0.0,0.0,-0.0,-0.0,-0.0,-0.0,-0.0,-0.0,-0.0,-0.0,-0.0,-0.0,-0.0,-0.0,0.0,-0.0,-0.0,-0.0,0.0,-0.0,-0.0,-0.0,0.0,-0.0,-0.0,-0.0,-0.0,-0.0,-0.0,-0.011830112,-0.0,-0.0,-0.0,-0.0,-0.0,-0.0,-0.0,-0.0,-0.0,-0.0,-0.0,-0.0034030294,-0.013173813,-0.0,-0.0,-0.0,-0.0,-0.0,-0.0,-0.0,-0.0,-0.0,-0.0,-0.0,-0.0,-0.0,-0.0,-0.0,-0.0017445285,-0.0,-0.0,-0.037400655,-0.0,-0.0,-0.0,-0.0,-0.0,0.0,-0.0,-0.0,-0.12682702,-0.0358888,-0.12137903,-0.07551995,-0.045205995,-0.16926041,-0.1284223,-0.05922264,-0.06442017,-0.104079746,-0.09339675,-0.08334779,-0.119387895,-0.028950248,-0.11687655,-0.074131444,-0.054417886,-0.09212373,-0.08759053,-0.11892322,-0.109411955,-0.10591493,-0.043024294,-0.064348064,-0.09661724,-0.08332622,-0.08439132,-0.09209034,-0.062276013,-0.06726082,-0.07877657,-0.055142887,-0.060973577,-0.06693794,-0.1090028,-0.12877336,-0.0,0.0,-0.010759073,-0.0,0.0,0.0,0.0,0.0,0.0,0.0,-0.0,0.0,-0.010759073,-0.0,-0.088389054,-0.057265565,-0.0,-0.0,0.0,-0.081344746,-0.0,-0.020898683,-0.0,-0.08460312,-0.13155691,-0.0,-0.0,0.0,-0.091366746,-0.038877748,-0.04374682,-0.013956658,-0.0,0.0,-0.009314768,-0.0027177322,-0.023830095,-0.035572052,-0.0,0.0,-0.01455696,-0.0,-0.08767151,0.0,-0.15346286,-0.0,-0.0,-0.0,-0.02816632,-0.0,-0.0,-0.05202558,-0.059370723,-0.0,0.0,-0.0070342747,-0.0,-0.0,-0.0,0.0,-0.0,-0.0,-0.0,-0.0,-0.032117993,-0.0,-0.0,-0.0,-0.0,-0.0,-0.05019712,-0.16701354,-0.0,-0.08424972,-0.0,-0.007703915,-0.11906337,-0.0,-0.14470962,0.0,-0.0,-0.07694524,-0.0,-0.12127441,-0.045276985,-0.062984236,-0.0,-0.0,-0.10172687,-0.10020616,-0.0,-0.0,-0.07491762,0.0,0.0,0.0,0.0,-0.0,-0.0,0.0,-0.027697725,0.0,-0.0,-0.0,-0.0,-0.0,-0.0,-0.026010193,-0.024526875,-0.042485144,-0.01647444,-0.0,0.0
NOMO1,-0.19910057,-0.17140888,-0.12846714,-0.16501325,-0.18409942,-0.20510265,-0.12273684,-0.17644621,-0.16400437,-0.15890001,-0.22208978,-0.155437,-0.07939616,-0.14571221,-0.02369205,-0.07386928,-0.041774202,-0.16371572,-0.18598251,-0.18003842,-0.06625762,-0.12833229,-0.13808241,-0.08680625,-0.0,-0.0,-0.0,-0.10252051,-0.0,-0.0036110035,-0.015640488,-0.06186746,-0.047877476,-0.04865834,-0.0,-0.0,-0.0,-0.0,-0.28323323,-0.27908748,-0.26500544,-0.15264978,-0.11793138,-0.13935749,-0.10733462,-0.18092671,-0.1312402,-0.038396817,-0.02783539,-0.1451539,-0.03160376,-0.037506327,-0.046840675,-0.11581489,-0.1637226,-0.09634064,-0.03291244,-0.030686188,-0.09066313,-0.08214804,-0.011567035,-0.13744527,-0.09620877,-0.0,-0.0,-0.0,-0.023632094,-0.0,0.0,0.0,-0.0,-0.0,-0.0,-0.0,0.020265914,0.0,-0.0,0.0,0.0,-0.0,0.0,0.0,-0.0,-0.0,-0.0,-0.20640847,-0.20378074,-0.19898042,-0.20852144,-0.20200689,-0.18320179,-0.22729214,-0.2019354,-0.043134462,-0.0,-0.017219499,-0.1082362,-0.034906037,-0.124250285,-0.04968828,-0.26387647,-0.115853205,-0.040055707,-0.0,-0.123296835,-0.11145216,-0.16411084,-0.18835914,-0.09968902,0.23383778,0.16306432,0.082803436,0.14194699,0.24750182,0.07558897,0.13927382,0.18431975,0.054192774,0.077367276,0.04908627,0.112970255,0.103145145,0.023545444,0.09931988,0.1488096,0.09883148,0.1989416,0.10035063,0.059950992,0.10638311,0.06109172,0.06986474,0.081078805,0.1051601,0.072371595,0.09710484,0.06365542,0.11879056,0.15833092,0.120213754,0.10697348,0.0,0.14113492,0.112600535,0.070916414,0.0,-0.0063140686,0.0049919705,-0.0,0.0,-0.0,0.0,-0.0,-0.0,0.0,0.0,-0.0063140686,0.0049919705,-0.0,-0.0,-0.0,-0.0009998049,-0.0,-0.0,-0.083391435,-0.08216526,-0.0,-0.029347658,-0.0,-0.05761127,-0.09358165,-0.08445967,-0.10475817,-0.0,-0.0,-0.0,-0.12947324,-0.0944455,-0.15055653,-0.0,-0.0,-0.0,-0.073655255,-0.090275176,-0.17003977,-0.050850164,-0.0,-0.0,-0.13775441,-0.0,-0.067914866,-0.15305597,-0.08472871,-0.12839466,-0.15924622,-0.17538276,-0.04559082,-0.0,-0.07454785,-0.19148798,-0.0,-0.0017557605,-0.0,-0.0,-0.2878618,-0.0,-0.07826686,0.0,0.0,0.0,0.0,-0.15235485,-0.06848442,-0.0022920005,-0.0,-0.05932382,-0.02906668,-0.11388696,0.0,-0.04310542,-0.0,0.061961412,-0.0,-0.1431076,-0.14868492,-0.12805316,-0.0,-0.0,0.0,-0.0,0.0,-0.035182584,0.0,-0.0,-0.0,0.0,-0.0,0.015526051,-0.0,-0.08045794,-0.0,-0.027791081,-0.15797889,-0.0,-0.044794332,0.032887265,-0.04903244,-0.0,-0.0,-0.041171677,-0.01607672,0.010101159,0.051920332,-0.037201777,-0.0,0.0,0.0,-0.022316318
NPC,-0.07993774,-0.0,-0.15455937,-0.13980818,-0.124518655,-0.24358064,-0.12599559,-0.053721037,-0.12618616,-0.054826103,-0.0210816,-0.108521454,-0.06683472,-0.04206798,-0.076613605,-0.04666573,-0.08443746,-0.09671341,-0.1389738,-0.14282867,-0.0,-0.092876,-0.07763801,-0.13102604,-0.16068229,-0.16524935,-0.14610772,-0.048776522,-0.1715276,-0.15650916,-0.15870684,-0.07291817,-0.07274201,-0.077495985,-0.17696276,-0.14128612,-0.17001672,-0.17462333,0.00068443577,0.0,0.03943146,-0.041490797,-0.0,-0.033184066,-0.0,-0.015828818,-0.0,-0.16395031,-0.23532897,-0.18827079,-0.1680984,-0.1757721,-0.14091636,-0.16828954,-0.15938865,-0.17909636,-0.16786273,-0.14995715,-0.14651626,-0.14692548,-0.17936793,-0.17225352,-0.13142097,-0.17570382,-0.17105976,-0.16298918,-0.18042013,-0.093617514,-0.0,-0.0,-0.07058808,-0.05775956,-0.02112598,-0.008814895,-0.0,-0.0,-0.007589573,-0.0,-0.0,-0.048208542,-0.0,-0.0,-0.0,-0.0,-0.010131401,0.09573086,0.08379982,0.085806444,0.083111644,0.0774921,0.08325966,0.086646765,0.08761116,-0.11526123,-0.076058924,-0.067387305,-0.1324305,-0.17321448,-0.17814623,-0.18969613,-0.17964764,-0.16035011,-0.20568685,-0.15307273,-0.20619641,-0.09997907,-0.12653671,-0.21346217,-0.18562642,-0.11127057,-0.0,-0.0,-0.0,-0.07073916,-0.016981164,-0.032340795,-0.06806298,-0.0,-0.0,-0.008471806,-0.0049766772,-0.056184307,-0.025063967,-0.0069023385,-0.026101226,-0.0,-0.21379966,-0.0,-0.028657867,-0.0,-0.029215723,-0.060320232,-0.0,-0.020913895,-0.008813541,-0.0,-0.0,-0.0,-0.0,-0.019833166,-0.0,-0.0,-0.0,-0.0,-0.014545122,0.0,0.0,0.0,0.0,-0.23281676,-0.23854975,-0.15445425,-0.1079428,-0.1736367,-0.23362014,0.0,0.0,0.0,0.0,-0.0,-0.0,-0.1424737,-0.13268659,-0.11913391,-0.19293275,-0.0322637,-0.0,-0.06958808,-0.11643475,-0.002127474,-0.068397015,-0.0709314,-0.011958689,-0.0,-0.0,-0.0,-0.1449658,-0.019661333,-0.0,-0.0,-0.0,-0.0,-0.22938024,-0.0,-0.0,-0.0726051,-0.06356123,-0.061234526,-0.049014986,-0.1496787,-0.0709708,-0.17529435,-0.110223785,-0.1939825,-0.10496294,-0.14292118,-0.25210947,-0.16650568,-0.19105022,-0.18751052,-0.009684299,-0.0,-0.0,-0.0,0.0,-0.098596044,-0.077069975,0.0,0.0,-0.0,0.0,-0.049554855,-0.024011247,-0.07491102,-0.05266301,-0.247733,-0.047265243,-0.16230461,-0.036364723,-0.079052895,0.0,-0.017441943,-0.14187346,-0.211519,-0.0,-0.20918019,-0.0458381,-0.0,-0.082260676,-0.006596645,-0.026130233,-0.057104547,-0.18486594,-0.045333467,-0.14676884,-0.0,-0.0073441598,-0.12627618,-0.09903065,-0.13311298,-0.120017245,-0.14483978,-0.08755188,-0.106928416,-0.113198236,-0.1289903,-0.05884264,-0.16243418,-0.24204116,-0.20181349,-0.16189578,-0.18148385,-0.06873473,-0.029564949,-0.16701105,-0.0,-0.11999716,-0.0643633
PC3,0.0,0.0,0.0,0.0,0.0,-0.0,-0.0,0.0,-0.0,0.0,0.0,-0.0,-0.0,-0.0,-0.0,-0.0,-0.0,-0.0,-0.0,-0.0,-0.0,-0.0,-0.0,-0.0,0.0,0.0,0.0,-0.0,0.0,0.0,0.0,-0.0,-0.0,-0.0,0.0,0.0,0.0,0.0,0.0,0.0,0.0,-0.0,-0.0,-0.0,-0.0,-0.0,-0.0,-0.0,0.0,-0.0,-0.0,-0.0,0.0,0.0,0.0,0.0,-0.0,-0.0,-0.0,0.0,0.0,-0.0,-0.0,0.0,0.0,0.0,0.0,-0.0,-0.17754304,-0.14521426,-0.0,-0.04094935,-0.051903997,-0.033439916,-0.15389276,-0.110525444,-0.0013681271,-0.12881982,-0.07226877,-0.0,-0.12758824,-0.075441346,-0.003102875,-0.08211902,-0.0,-0.05521592,-0.04263841,-0.066985026,-0.0701796,-0.09628214,-0.12507042,-0.059257638,-0.099623404,0.0,0.0,0.0,0.0,0.0,0.0,-0.0,0.0,-0.0,-0.0,-0.0,-0.0,0.0,-0.0,-0.0,-0.0,0.0641225,0.0,0.0,0.011178701,0.044176977,0.029616332,0.029872604,0.032684844,0.0,0.0,0.0,0.0047215754,0.0,0.0,0.0,0.0,0.0024997946,0.0,0.0,0.013753511,0.0,0.0,0.042745363,0.0,0.0,0.0,0.02629845,0.0,0.0,0.013099152,0.0,0.0,0.0,0.0,0.0,0.0,-0.067865066,-0.08998402,-0.017931154,-0.013829882,0.011520659,0.0,0.0,-0.0,0.0,0.0,-0.067852296,-0.08998402,-0.017931154,-0.013829882,-0.0,-0.0,0.0,0.0,0.0,0.0,-0.062228546,-0.05658903,-0.24535583,-0.0,-0.09466193,-0.014378154,-0.033467215,-0.11570244,-0.044900563,-0.10264901,-0.1263884,-0.0,-0.0,-0.10384972,-0.11249787,-0.09452338,-0.12785706,-0.0,-0.1264952,-0.17217718,-0.051879525,-0.05983269,-0.07654982,-0.07213982,-0.0029696352,-0.10739628,-0.0,-0.020126387,-0.0,-0.0,-0.0,-0.0,-0.0,-0.0,-0.0,-0.07674625,-0.15832166,-0.071194135,-0.14664556,-0.0,0.0,0.0,0.0,0.011289051,0.018515514,0.0015112917,-0.003685778,-0.0,-0.0192696,-0.0,0.0,-0.0,-0.03249977,-0.0,-0.0,-0.0,-0.0,-0.078452095,-0.0,-0.017594488,-0.0,-0.0,0.27502683,-0.0,0.0,-0.0,-0.0,-0.0,-0.0,-0.0,-0.0,-0.11044125,-0.0031156004,-0.006859549,-0.0,-0.0,-0.0,-0.0,-0.0,-0.0,-0.022876885,-0.0,-0.06446816,-0.0,-0.0,-0.052887455,-0.0,-0.0,-0.04982153,-0.13264532,-0.0,0.0,-0.0
PHH,-0.0,-0.064719334,-0.01963149,-0.033062764,-0.025703358,-0.08514163,-0.020953428,-0.058282785,-0.025481146,-0.05723394,-0.0,-0.053737722,-0.121875405,-0.09284428,-0.10820355,-0.028608624,-0.08810953,-0.056263633,-0.06009679,-0.03570626,-0.0,-0.0,-0.0,-0.0,-0.10916331,-0.11186548,-0.101290084,-0.06444869,-0.11475727,-0.123192854,-0.1209733,-0.11556591,-0.119682245,-0.12134265,-0.12892823,-0.13334337,-0.09560288,-0.124294624,-0.17619209,-0.1910363,-0.1503545,-0.11329838,-0.08962285,-0.097643465,-0.09198474,-0.07772432,-0.089426234,-0.09774684,-0.08007325,-0.051011086,-0.09981969,-0.08664144,-0.10686799,-0.06311105,-0.039384693,-0.043343842,-0.09106586,-0.05002779,-0.10309805,-0.07478793,-0.11314243,-0.051187165,-0.08059422,-0.110211164,-0.13097058,-0.12212567,-0.095947646,-0.0,0.0,0.0,-0.012938414,-0.0,-0.0,-0.01202758,-0.0,-0.0,-0.03112541,0.0,-0.0,-0.0,-0.0,-0.0,-0.0,0.0,-0.0,-0.16914102,-0.16252631,-0.16856205,-0.17175318,-0.1743234,-0.18464307,-0.18332218,-0.16540118,-0.086797945,-0.026375992,-0.09442408,-0.0500309,-0.095540896,-0.06848756,-0.062044058,0.0,-0.055658422,-0.07684395,-0.115232654,-0.061600845,-0.01939514,-0.06583428,-0.05908534,-0.11040101,-0.06793274,-0.0911417,-0.04772421,-0.048384096,-0.086178705,-0.044539127,-0.060615793,-0.09639581,-0.043553352,-0.03034106,-0.044685412,-0.07737388,-0.06407086,-0.036160953,-0.095734,-0.08230067,-0.045641355,-0.09721173,-0.052913107,-0.04029882,-0.041565903,-0.07946241,-0.049038574,-0.054448996,-0.06815287,-0.04757199,-0.057827573,-0.03531188,-0.035821572,-0.07572826,-0.0653053,-0.062993184,-0.056501854,-0.052344143,-0.049460456,-0.07024966,-0.0,-0.0,-0.05491155,-0.0,-0.07439067,-0.069188654,-0.044779543,-0.038043156,-0.069034085,-0.075945236,-0.0,-0.0,-0.05491155,-0.0,-0.039419428,-0.0,-0.12649411,-0.14413643,-0.14513963,-0.0024340248,-0.0,-0.0,0.0,0.0,-0.0,-0.12163387,-0.11868833,-0.17089485,0.0,0.0,0.0,-0.06700508,-0.091637015,-0.036760177,-0.0,0.0,-0.0,-0.09968851,-0.025938233,-0.12302944,-0.0,-0.0,-0.0,-0.09597785,0.0,-0.0,-0.09318474,0.0,-0.07133602,-0.00024549043,-0.11586226,-0.0,-0.0,-0.0,-0.081597984,-0.036314547,-0.0074375826,-0.0,-0.0,0.07539385,-0.061675865,-0.00928923,-0.0,-0.0,-0.0044107945,-0.0,-0.0,-0.0,-0.0,0.013449898,-0.028382413,0.0816842,-0.0,0.0,-0.0,0.09654132,0.0865504,-0.0,-0.0,0.07818604,-0.01577534,0.039712384,-0.16592216,-0.019987615,0.0067571877,0.0,-0.044096675,0.0,0.0,-0.0,0.0,-0.0,-0.0,-0.0,0.0,-0.0,-0.0013159241,-0.0,0.0,-0.036197003,-0.0,-0.0017475956,-0.007274901,-0.0,-0.08863723,0.0,-0.0112708295,-0.0,-0.0,-0.023239033,-0.0,-0.0,-0.029930852
SKB,0.18546224,0.1655282,0.23163606,0.2376421,0.24526146,0.2639428,0.20819807,0.2628319,0.22512008,0.26937276,0.2312661,0.24774854,0.13504657,0.12698346,0.11400266,0.16850437,0.17186399,0.16957498,0.20822246,0.267505,0.19963534,0.22444573,0.1998572,0.21530958,0.21868762,0.20575628,0.21002483,0.13326192,0.1741396,0.17663777,0.20306352,0.13277721,0.14069933,0.1407351,0.14728133,0.064482614,0.20470087,0.0936202,0.24290663,0.2388652,0.20660396,0.20084478,0.22606844,0.19199558,0.20575416,0.19931473,0.22173934,0.19894853,0.102292486,0.2447796,0.18781263,0.19348077,0.14575653,0.25537524,0.28398082,0.26665875,0.23873042,0.24844484,0.17790118,0.22191595,0.20615941,0.29287726,0.22489795,0.2206194,0.24098717,0.23569438,0.23536722,0.20660076,0.10291369,0.0941542,0.107720956,0.12378192,0.0775383,0.019740248,0.06640417,0.14734162,0.0,0.110504396,0.13364154,0.14419647,0.0075289193,0.05481167,0.1178234,0.14958917,0.052272387,0.22037658,0.22345574,0.22172193,0.22714104,0.13076621,0.15015553,0.13373049,0.13980614,0.19920652,0.12418349,0.12393754,0.20106094,0.14231353,0.15518104,0.14849259,0.1714179,0.14925532,0.15869623,0.10568166,0.11458313,0.1842652,0.23369,0.15083936,0.12178473,0.012803697,0.0167622,0.07979032,0.0,0.0,0.11487827,0.06885802,0.0,0.103098474,0.062462617,0.06888215,0.0,0.10124791,0.054456223,0.04633717,0.0071629435,0.049923643,0.033185437,0.0064153895,0.089129314,0.091994986,0.080405906,0.020828774,0.033034626,0.022751631,0.04416972,0.081802316,0.031873543,0.055336945,0.0,0.0,0.0,0.03458405,0.0,0.020937195,0.06427857,0.05101665,0.16157594,0.0,0.070142016,0.0,0.0,0.12886223,0.11935077,0.14856423,0.0,0.050954722,0.16157594,0.0,0.070142016,0.13621655,0.08170464,0.2251814,0.14756483,0.1436388,0.26847088,0.05908161,0.1635358,0.0,0.089059845,0.061938245,0.19335595,0.24574287,0.06163445,0.06948088,0.01947883,0.047268067,0.25264975,0.27407196,0.17975023,0.0,0.06602473,0.00826096,0.21860138,0.18306212,0.14164647,0.1211765,0.07760508,0.17607169,0.090069726,0.20639077,0.10238771,0.13968323,0.18371639,0.22935632,0.16655512,0.09173554,0.23669378,0.22978815,0.17383233,0.19082044,0.13522564,0.0,0.03880362,0.0,0.33309373,0.28116885,0.27697074,0.24868427,0.21264663,0.16440924,0.18313359,0.161133,0.17210121,0.14406182,0.0151435025,0.25877973,0.025863701,0.06370094,0.045530867,0.25405785,-0.0,0.0,0.0,0.122997165,0.015673254,0.11638596,0.072311066,-0.0,-0.0,-0.10459648,0.04784042,0.21475662,0.11500589,0.08397718,0.16743173,-0.0,0.0,0.15982157,0.2007401,0.11184245,0.0142110055,0.15400511,0.08422599,0.16779967,0.24787104,0.13060622,0.20098983,0.15012236,0.12319885,0.024758333,0.061966497,0.062466957,0.0,0.0,-0.0,0.0,0.0,0.20474654
SKBR3,-0.00028723222,-0.0,-0.0,-0.0,-0.0,-0.0,-0.0,-0.0,-0.02558603,-0.0,-0.010607651,-0.0,0.0,0.0,-0.0,-0.0,-0.0,-0.015929542,-0.0017939623,-0.0,-0.0,-0.0,0.0,-0.0,-0.0,-0.0,-0.0,-0.0,-0.0,-0.0,-0.0,-0.0,-0.0,-0.0,-0.0,-0.0,-0.0,-0.0,-0.029821448,-0.02248627,-0.0,-0.0,-0.0,-0.0,-0.0,-0.0,-0.0,-0.0,-0.0,-0.0,-0.0,-0.0,-0.0,-0.0,-0.0,-0.0,-0.0,-0.0,-0.0,-0.0,-0.0,-0.0,-0.0,-0.0,-0.0,-0.0,-0.0,0.0,0.0,0.0,-0.0,-0.0,-0.0,-0.0,0.0,-0.0,0.0,-0.0,-0.0,-0.0,0.0,0.0,-0.0,0.0,-0.0,0.030744806,0.036572155,0.03694363,0.03648652,0.0039928774,0.018762829,0.0,0.0073037297,-0.0,-0.0,-0.0,-0.0,-0.0,-0.0,-0.0,0.0,-0.0,-0.0,-0.0,-0.0,-0.0,-0.0,-0.0,-0.017315147,0.0,0.0,0.0,-0.0,0.022470465,-0.0,0.0,0.0,-0.0,-0.0,-0.0,0.0,0.0,-0.0,0.0,0.0,-0.0,0.0,0.0,-0.0,-0.0,-0.0,0.0,-0.0,0.0,-0.0,0.0,0.0,-0.0,0.0,0.0,0.0,-0.0,0.0,-0.0,0.0,0.0,0.0,0.0,-0.0,0.0,0.0,0.0,0.0,0.0,0.0,0.0,0.0,0.0,-0.0,0.0,-0.0,-0.0,-0.0,-0.0,0.0,0.0,0.0,0.0,0.0021729649,-0.0,-0.0,0.0,0.0,0.0,0.0,0.0,-0.0,-0.0,0.0,0.0,0.0,0.0,0.0,0.0,0.017223502,0.0,0.0,0.0,0.0,0.012231744,0.0,-0.0,0.0,0.0,0.00036393944,0.0,0.0,0.0,0.0,-0.0,0.0,0.0,0.0,0.049552973,-0.024423022,-0.0,-0.0,-0.0,-0.01441206,-0.00726469,-0.0034697165,-0.0,-0.0,-0.0,0.10591607,0.0,-0.0,0.025996616,0.0,-0.0,0.020079043,0.1807237,0.07283277,0.0,0.0,-0.0,0.12520297,0.15308455,0.08642417,0.27866516,0.1410512,0.0,0.14051281,0.14936769,0.17222741,0.19260015,0.080784544,0.051363617,0.0,0.04701082,0.007817944,0.0,0.0,0.0,-0.0,0.058761287,-0.0,0.048562024,0.021248015,0.015132885,0.05808399,0.051013786,0.11748664,0.18766402,0.091030076,0.21962878,0.2456939,0.0
THP1,0.0,0.03775524,0.0,0.08316127,0.0,0.014859108,0.0,0.021554016,0.0,0.0,0.0,0.005846147,0.012258249,0.05132443,0.018510565,0.008501279,0.0,0.0,0.0,0.0,0.0,0.0,0.0,0.0,-0.0,0.0,-0.0,0.0,-0.0,-0.0,-0.0,0.0,0.0,0.0,0.0,0.0,-0.0,0.0,0.36020234,0.36135298,0.3506876,0.0,0.016231174,0.0,0.0016813239,0.0,0.0,0.0,-0.0,0.0,0.0,0.0,-0.0,0.0,0.0,0.0,0.0,0.0,-0.0,-0.0,-0.0,0.0,-0.0,-0.0,0.0,-0.0,-0.0,0.0,0.00023308762,0.0048235906,0.017530782,0.0151268365,0.052744363,0.00843029,0.0,0.018286731,0.021349024,0.0,0.016421204,0.036845926,0.05469626,0.030607652,0.021025272,0.0,0.0,0.0,0.0,0.0,0.0,0.0,0.0,0.0,0.0,0.0,0.0,0.0,0.0,0.0,0.0,0.0,-0.0,-0.0,0.0,0.0,0.0,0.0,-0.0,0.0,0.0,0.0,0.0009045519,0.0,0.0,0.0028144617,-0.0,0.0,0.0,0.0,0.0,0.0,0.0,-0.0,0.0,0.0,0.0,0.0,0.0,0.0,0.0,0.0,0.0,0.049865913,0.0,0.0,0.0,0.0,0.0,0.0,0.0,0.0,0.0,0.0,0.0,0.0,0.0,0.0,0.0,0.05368812,0.0,-0.0,-0.03158624,-0.06244088,-0.061147023,-0.0,-0.0,0.0,0.0,0.05368812,0.0,0.0,-0.0,-0.0,0.0,0.0,-0.014977742,-0.11317373,-0.0,-0.0,-0.0,-0.05666521,0.0,-0.0,0.0,-0.0,-0.0,-0.0,-0.0,-0.0,-0.0,-0.0,-0.0,-0.0,0.0,-0.0,0.0,0.0,0.0,0.0,0.0,-0.0,-0.0,0.0,-0.0,-0.0,-0.0,-0.0,-0.0,0.0,-0.0,0.0,-0.0,-0.0,-0.0,-0.014466821,-0.20116155,-0.0,-0.0,-0.0,0.0,-0.0,-0.0,-0.017688597,-0.04908433,-0.076792516,-0.04437306,-0.0,0.0033751132,-0.08455949,-0.018437715,-0.0,-0.0,0.0,-0.12251636,-0.0,-0.14594543,-0.014061523,0.056308396,0.12162287,-0.0,-0.0,0.0,-0.0,-0.0,-0.037698247,-0.003587193,-0.035541173,-0.0,0.0,0.0,0.0,-0.0,0.0,-0.0,-0.0,-0.0,0.0,0.0,0.0,-0.0,-0.0,-0.0,0.0,-0.0,0.0,-0.0,-0.0,-0.0,0.0
U266,0.10477391,0.16933845,0.119783245,0.1609366,0.09720932,0.10033686,0.09078487,0.10910934,0.086976394,0.10056657,0.13745978,0.13735984,0.23297481,0.22859563,0.26775235,0.243066,0.24101666,0.14178237,0.16480769,0.17474788,0.21255697,0.25261956,0.1452704,0.23861665,0.135275,0.13710393,0.13530126,0.25397193,0.13273962,0.123318054,0.1232372,0.23118672,0.21919757,0.22840688,0.08749579,0.10498901,0.06465885,0.080698475,0.025198275,0.025185341,0.03624798,0.10943321,0.113213435,0.12871519,0.1299908,0.15156034,0.111311175,0.15395041,0.19706282,0.24077864,0.16562617,0.17511323,0.17627023,0.19420096,0.17463407,0.12787932,0.15359312,0.22220267,0.23436832,0.20023324,0.2126939,0.23354472,0.20773686,0.118308604,0.099812545,0.08050007,0.10941924,0.25642213,0.16946766,0.1728018,0.2636837,0.21102822,0.19489868,0.21321915,0.119466305,0.16511671,0.23983204,0.14435366,0.16869248,0.20676184,0.11831698,0.11643446,0.19929945,0.2243848,0.18883598,0.0,0.0,0.0,0.0,0.030233849,0.023283707,0.020304183,0.032377195,0.16953474,0.21340768,0.20905581,0.20143598,0.1000657,0.16464776,0.17327999,0.061668374,0.17950557,0.16995998,0.09564728,0.19088084,0.15315524,0.29396138,0.21246316,0.30324364,0.07536513,0.09642285,0.14450288,0.11595809,0.10252147,0.12313639,0.14934324,0.08454398,0.14433298,0.1204898,0.11524659,0.11893849,0.12231587,0.09445383,0.110907674,0.10693056,0.10165636,0.04151224,0.08660335,0.09465424,0.10531885,0.14807624,0.11702056,0.10924254,0.0856365,0.12280313,0.1171196,0.14268811,0.1090704,0.09833068,0.10439162,0.15509751,0.18333815,0.10186286,0.10248633,0.14349604,0.16708048,0.31655735,0.16002768,0.21627158,0.062163543,0.044670857,0.021839106,0.038045987,0.10032399,0.07783548,0.1669382,0.31655735,0.16002768,0.21627158,0.02642457,0.17501992,0.10718176,0.1392752,0.13512364,0.08465999,0.0,0.12806682,0.0,0.15410547,0.06519621,0.13266666,0.1326584,0.08442882,0.16872527,0.170603,0.20425811,0.16731672,0.20625979,0.08997659,0.16575037,0.123620816,0.16692884,0.12788644,0.088440135,0.110309735,0.17419913,0.19754845,0.11436081,0.12593272,0.1279857,0.23248003,0.18563159,0.2843652,0.2099852,0.11204548,0.18160507,0.21284468,0.16007702,0.22084402,0.21981898,0.2573969,0.22486931,0.2058759,0.18051209,0.14965087,0.113821015,0.18710001,0.11830998,0.09221451,0.12458685,0.112343535,0.036713853,0.014155593,0.0,0.018701786,0.08851321,0.037032817,0.18318567,0.018105794,0.15074706,-0.0,-0.031237986,0.1990345,0.2069882,0.16493006,0.20640697,0.0,0.20535305,0.005387628,-0.0,0.0,0.15693802,0.13742459,0.075199984,0.12884076,0.0,0.031742226,0.102141336,0.17255728,0.1745192,0.10697941,0.14462197,0.13510545,0.087095335,0.14598964,0.07026705,0.14500922,0.2549663,0.17039877,0.19381185,0.2305159,0.118476205,0.04671027,0.108246915,0.17247228,0.13747643,0.18677063,0.1765729
U937,-0.0,0.0,-0.0,0.0,-0.0,0.020487512,-0.0,0.0,-0.0,0.0,-0.0,0.0057170535,0.0,0.0,0.0,0.0,0.0,-0.06041654,-0.0,-0.014168027,0.0,0.0,0.0499968,0.049824487,0.038809657,0.015924715,0.028218599,0.0,0.0479595,0.03472571,0.040957745,0.0,0.0,0.0,0.0,-0.0,0.0,0.0,0.04326528,0.028794965,0.0450909,0.06539747,0.055856604,0.032858897,0.066141576,0.068302214,0.017169984,-0.0,-0.0,-0.0,0.0,-0.0,-0.036208082,-0.0,-0.0,-0.0,-0.0,-0.0,-0.044489376,-0.0,-0.006021057,-0.0,-0.0,0.02742236,0.040877175,0.046957348,0.0,0.0,0.0,0.0,0.0,-0.0,-0.0,0.0,0.0,-0.0,0.0,0.0,-0.0,0.0,0.0,-0.0,-0.0,-0.028387705,-0.0,0.18463154,0.17721343,0.19114679,0.18361694,0.20985211,0.1972927,0.22301205,0.20987123,0.0,-0.0,0.0,0.0,0.012556009,0.0,0.0,0.1657242,-0.0,0.0,0.0,0.0,-0.0,-0.0,0.0,0.0,-0.0,-0.0,-0.0,-0.0,-0.0,-0.0,-0.0,-0.05983226,-0.0,-0.0,-0.0,-0.0,-0.00538733,-0.005217676,-0.0,-0.0012852257,-0.0,-0.03461676,-0.00045914305,-0.0,-0.0,-0.0,-0.0,-0.0,-0.0,-0.0,-0.0,-0.0,-0.0,-0.0,-0.0,-0.0,-0.0,-0.0,-0.0,-0.0,-0.0,-0.0,0.0,-0.0,0.0,-0.0,0.0120975,0.0,-0.0,-0.0,-0.0,-0.0,0.0,-0.0,-0.06574787,-0.0,0.0,0.022157032,0.054287214,0.0,0.0,0.0,0.0,0.01454007,0.028084463,0.0,0.0,-0.0,0.06380471,0.04387406,0.014068841,0.0,0.0,0.0,0.058144316,0.0894092,0.030689694,0.018528013,-0.0,0.0,-0.0,0.0,-0.027323741,-0.00078664947,-0.0,-0.029982569,0.0,-0.0,0.06325444,-0.0,0.0,0.0,-0.0,0.0,0.0,0.0,0.0,0.0,0.0,0.14260425,0.10813206,0.122941054,0.0,0.0,0.0,0.0,0.0022133717,0.048720483,0.0915609,0.119683675,0.018808542,0.04288752,0.022237238,0.09923025,0.09662885,-0.0,-0.076591626,0.0,0.0059921667,-0.14675547,0.019072391,0.0,0.0,0.0,-0.0,-0.0,0.0,0.0,0.098550566,0.0,0.0,0.0326544,0.0,-0.0,0.08386537,0.0,0.0,0.0,-0.0,0.0,0.0,-0.0,0.0,0.07498272,0.0,0.0,0.0,-0.019324193,0.0,-0.0,0.039981782,0.12442903,-0.0
VCAP,-0.0,-0.018406296,-0.0037742334,-0.0,-0.0026792546,-0.0,-0.012058211,-0.0,-0.0,-0.0,-0.0,-0.0,-0.024272567,-0.021535031,-0.0,-0.011143346,-0.0,-0.024387075,-0.011712536,-0.0,-0.0,-0.0,0.0,-0.0,-0.0,-0.0,-0.0,-0.0,-0.0,-0.0,-0.0,-0.0,-0.0,-0.0,-0.010041475,-0.0632425,-0.0,-0.051642157,-0.007647012,-0.0143284695,-0.0,-0.0,-0.0,-0.0,-0.0,-0.0,-0.0,-0.0,-0.0,-0.0,-0.0,-0.0,-0.0,-0.0,-0.0,-0.0,-0.0037035148,-0.0,-0.0,-0.0,-0.0,-0.0,-0.0,-0.0,-0.0,0.0,0.0,-0.09798756,-0.0,-0.014082638,-0.060525876,-0.080547206,-0.08337882,-0.044790532,-0.0,-0.039307415,-0.07133754,-0.0,-0.049767192,-0.07155436,-0.0,-0.04545803,-0.095916264,-0.006601662,-0.09973115,-0.016250635,-0.032700554,-0.022308894,-0.027523607,-0.004689078,-0.0,-0.009941078,-0.00991059,-0.0,-0.0,-0.0,-0.0062353928,-0.030926518,-0.016985321,-0.06103176,-0.0,-0.004352551,-0.030499734,-0.02349073,-0.010412631,-0.0,-0.0,-0.0102620525,-0.0,-0.063562475,-0.15230341,-0.064571485,-0.11173732,-0.12202765,-0.05069103,-0.09142102,-0.14344926,-0.059363704,-0.08691686,-0.1072473,-0.114314586,-0.08443414,-0.123884626,-0.104993016,-0.11395318,-0.09670424,-0.044517443,-0.12268143,-0.083506666,-0.08727358,-0.05207108,-0.16557445,-0.09818505,-0.10898857,-0.101353936,-0.10109428,-0.07444046,-0.06555658,-0.09400737,-0.11553331,-0.108552836,-0.089369126,-0.10458752,-0.08889032,-0.0770943,-0.091496855,-0.0,-0.13731627,-0.094695576,-0.035491727,-0.009370048,-0.0136866905,-0.012153525,-0.0,-0.011449808,-0.0914834,-0.0,-0.13731627,-0.094695576,-0.06280035,-0.074420415,-0.0,-0.0,-0.02621127,-0.0,-0.0951529,-0.0072747753,-0.10249398,-0.0,0.0,-0.0020732023,-0.0,-0.0,-0.01978881,-0.042832155,-0.038431555,-0.0,-0.0747464,-0.0,-0.07439132,-0.070637204,-0.043713693,-0.010096227,-0.058639236,-0.0,-0.08751144,-0.07541944,-0.075031795,-0.0,-0.0,-0.039972104,-0.0,-0.10220282,-0.0,-0.0,-0.0,-0.02850995,-0.034050886,-0.061886866,-0.0,-0.047417786,-0.0547625,-0.049572702,-0.08159726,0.08247776,0.0,0.015085909,-0.036550317,-0.06577498,-0.08565466,-0.072538,0.009969615,0.0,0.0,-0.0,-0.0,-0.0,-0.0,-0.0,-0.0,-0.0056564533,-0.25845948,-0.11756172,0.0,-0.18089953,-0.0,-0.015968364,-0.1454856,-0.011313315,-0.05770059,-0.07803436,-0.0,-0.0,-0.0,-0.051616978,-0.13688466,-0.119155,-0.0,-0.0,-0.021925656,-0.0,-0.0,-0.027788999,-0.0,-0.0,-0.0,-0.0,-0.0,-0.0,-0.050021026,-0.0,-0.0,-0.02893046,-0.16215062,-0.14892179,-0.1117549,-0.027623076,-0.056149475
