Ensembl	GeneID	Symbol	infected	control	AveExpr	F	P.Value	adj.P.Val	log2FoldChange
ENSG00000003400	843	CASP10	3.2549156924938534	3.5904080483924354	3.3387887814684993	3881.032288485173	3.98489962878145e-16	6.386777186930507e-15	-0.14152763928889223
ENSG00000003402	8837	CFLAR	3.6187233892745057	3.8988189837325593	3.688747287889019	4412.039729464457	1.9986559473526569e-16	5.694902336108486e-15	-0.10755634003587744
ENSG00000004534	10180	RBM6	2.85119137725437	3.0737938367482394	2.9068419921278377	3967.9130897636296	3.537392768915547e-16	6.1248214931326894e-15	-0.10845552599374053
NA	NA	NA	NA	NA	NA	NA	NA	NA	NA
ENSG00000006712	54623	PAF1	1.0859125736663386	2.1818716455403933	1.3599023416348524	29.362079640257996	4.347686856806462e-5	5.9947523480313744e-5	-1.0066582766594592
ENSG00000006744	60528	ELAC2	19.36154003614971	21.90925739248658	19.998469375233928	212.36056752300541	2.2080999693911305e-9	3.911289648167203e-9	-0.1783468748790762
ENSG00000007168	5048	PAFAH1B1	5.130588839780134	5.533642201539513	5.231352180219979	3440.2310103376685	7.622825657438682e-16	1.0694230410971605e-14	-0.10910495005167054
ENSG00000007202	9703	KIAA0100	3.0873372804425365	3.2925182497558754	3.1386325227708713	2640.2898928089157	3.1643442945382676e-15	2.837926877687807e-14	-0.09282833628459852
ENSG00000007255	79090	TRAPPC6A	17.51709959415327	18.279593043608397	17.707722956517053	4319.278715497065	2.2407751816283667e-16	5.694902336108486e-15	-0.06147003272006302
ENSG00000007968	1870	E2F2	7.64751075869874	8.248206331100336	7.797684651799138	1345.0712203162118	1.1854443553066808e-13	4.040229038906383e-13	-0.10909019115962915
ENSG00000009335	9690	UBE3C	25.56955749818042	25.7793330210129	25.62200137888854	66955.6121996116	8.697062509587006e-23	3.131667258660455e-19	-0.011787744082170093
ENSG00000010292	9918	NCAPD2	6.053124077387029	6.507970405504252	6.166835659416335	2116.5695549855363	1.0386193699673586e-14	7.555343935402284e-14	-0.10452776665909536
ENSG00000011243	26993	AKAP8L	2.6303826811651017	2.802037686916845	2.673296432603037	3090.0808586940366	1.3579328393085696e-15	1.5506415958383532e-14	-0.09120365465268199
ENSG00000013364	9961	MVP	3.7675826877251133	4.075463087934418	3.84455278777744	4320.318544190946	2.2378744854336854e-16	5.694902336108486e-15	-0.11332482441637981
ENSG00000015676	23386	NUDCD3	4.99056295645899	5.326235804879857	5.074481168564206	3138.4590332086736	1.249079926828478e-15	1.464263256599526e-14	-0.09391373463493746
ENSG00000020426	4331	MNAT1	5.006180426968402	6.940553476503931	5.489773689352284	29.195045413256196	4.4620356356177114e-5	6.148104585938818e-5	-0.4713404276263984
ENSG00000023191	6050	RNH1	4.214355742868977	4.533874261677249	4.294235372571046	3966.8383375711514	3.5425526977109783e-16	6.1248214931326894e-15	-0.10543228094926249
ENSG00000039560	26064	RAI14	5.299400705899976	5.711837909812487	5.402510006878102	2865.908521251725	2.0360484751433955e-15	2.0554692054903522e-14	-0.10812582060023379
ENSG00000039650	11284	PNKP	7.0613028802822155	7.672063002006535	7.213992910713295	1779.2374765630125	2.6398462471752584e-14	1.1983101113944333e-13	-0.11968016805960868
ENSG00000046604	1829	DSG2	6.327533277611149	6.8419249027923765	6.4561311839064555	2018.9033426508718	1.3387974261534737e-14	9.044627389632833e-14	-0.1127590793783182
NA	NA	NA	NA	NA	NA	NA	NA	NA	NA
ENSG00000059588	6894	TARBP1	5.680134596455201	6.101549637528451	5.785488356723513	2227.5469320729962	7.89167658030089e-15	6.133081745230242e-14	-0.10325058061521464
ENSG00000060558	2769	GNA15	3.9952704441879376	4.158391015108417	4.036050586918058	1877.7780244559235	1.9761245757248774e-14	1.0904621079418834e-13	-0.05773225769473567
ENSG00000062038	1001	CDH3	6.7116746882647504	7.322378665400994	6.864350682548813	2083.499309545222	1.1303467568257246e-14	8.099881154633425e-14	-0.12563959157926474
ENSG00000062725	10513	APPBP2	1.0668494240711501	1.3946405551771182	1.148797206847642	23.264536258009777	1.229515722017862e-4	1.6476669876067427e-4	-0.38653677244617046
ENSG00000064547	9170	LPAR2	15.951041743338061	17.3868899445798	16.310003793648498	357.747485786176	1.403686083191703e-10	2.6635023561704497e-10	-0.12434924793709712
ENSG00000065457	23536	ADAT1	7.7699712420503415	8.400822832988172	7.927684139784798	1292.668505239532	1.4672009327856906e-13	4.629600723358382e-13	-0.11262138306042191
NA	NA	NA	NA	NA	NA	NA	NA	NA	NA
ENSG00000065911	10797	MTHFD2	4.03737893729573	4.329014342660915	4.110287788637027	4074.4223361444892	3.067490051212788e-16	6.098759957590856e-15	-0.10061957985241499
NA	NA	NA	NA	NA	NA	NA	NA	NA	NA
ENSG00000066468	2263	FGFR2	4.944093222798494	5.313054685117652	5.036333588378284	3034.2425985384093	1.4978692322838937e-15	1.667257329391732e-14	-0.10383561588827428
NA	NA	NA	NA	NA	NA	NA	NA	NA	NA
ENSG00000070081	4925	NUCB2	1.3106613124782713	1.3732654789004028	1.326312354083804	245.536266437094	1.028455607383362e-9	1.8422836744480173e-9	-0.06731562602136448
ENSG00000070495	23210	JMJD6	3.343406881531216	3.656783764608232	3.4217511023004703	2905.104445435757	1.892610281564232e-15	1.96775000640978e-14	-0.1292563819479935
ENSG00000070770	1459	CSNK2A2	4.8374028577399715	5.1226826874387585	4.908722815164668	5693.185461856923	5.068064160166964e-17	2.7763627676636534e-15	-0.0826668401193218
ENSG00000071189	23161	SNX13	1.5166686512510363	1.5460421747000117	1.5240120321132802	318.32283362331884	2.6073139748715974e-10	4.882640064756943e-10	-0.027673742898533082
ENSG00000072134	22905	EPN2	0.46604208597364866	0.469949687976112	0.4670189864742645	611.3178315386135	8.090542280500577e-12	1.6922854678111623e-11	-0.012046069079117983
NA	NA	NA	NA	NA	NA	NA	NA	NA	NA
ENSG00000073060	949	SCARB1	1.4758778368394756	1.4928033942618766	1.4801092261950755	365.53882549478215	1.2519730214941505e-10	2.3806440001215564e-10	-0.0164508618074235
ENSG00000076662	3385	ICAM3	2.017136965365196	2.1904536626707	2.0604661396915716	34.01451653222939	2.2092488766549472e-5	3.103838079082464e-5	-0.11892064836891869
ENSG00000078401	1906	EDN1	3.3692691431750093	3.6675980349348754	3.443851366114976	3198.774380859556	1.1275151907755482e-15	1.3777088760155399e-14	-0.12239985157499444
ENSG00000079999	9817	KEAP1	3.3293237466150103	3.6144602568675372	3.400607874178142	1721.0863903560955	3.155699407494215e-14	1.292980953895553e-13	-0.11855106095255508
ENSG00000080546	27244	SESN1	0.8606567594871652	0.9310433470099113	0.8782534063678518	47.68770318572829	4.438011728031237e-6	6.6447154112345716e-6	-0.1134103497821414
ENSG00000081041	2920	CXCL2	3.497402393512978	3.9196372746580384	3.6029611137992426	475.1014114797399	3.104607208624902e-11	6.117194595744733e-11	-0.16443635792838562
ENSG00000081189	4208	MEF2C	0.866709820297242	0.9485802231297893	0.8871774210053788	44.27944456508127	6.3458829303562496e-6	9.360469769259696e-6	-0.13022073886028362
ENSG00000083168	7994	KAT6A	3.6573998120196087	3.9399322734239504	3.728032927370694	4331.5786017066275	2.2067469409776089e-16	5.694902336108486e-15	-0.1073524854484198
ENSG00000083828	54807	ZNF586	4.987426165723125	5.595350213572677	5.139407177685514	229.70792843792856	1.461009402651844e-9	2.6024493481979627e-9	-0.16593294875149844
NA	NA	NA	NA	NA	NA	NA	NA	NA	NA
ENSG00000085719	8895	CPNE3	5.200355534787732	5.542373944411927	5.285860137193781	3339.572713367834	8.943206136115366e-16	1.2031006760322072e-14	-0.0918937929179604
NA	NA	NA	NA	NA	NA	NA	NA	NA	NA
ENSG00000086827	9183	ZW10	0.4209871133242529	0.5958751781396969	0.46470912952811394	11.175759692621837	0.0023556021394345	0.0029056685254057876	-0.5012340794148573
ENSG00000087245	4313	MMP2	6.235915132785453	6.736830917174345	6.361144078882674	2070.0004590997446	1.170529180699778e-14	8.294287618569599e-14	-0.11146879670425491
ENSG00000087586	6790	AURKA	2.6297983635022786	2.828271672482451	2.679416690747322	4746.577381751984	1.3487070233793657e-16	5.302100697784037e-15	-0.10496851940614116
ENSG00000088256	2767	GNA11	0.14169449865505926	0.16844018195279922	0.14838091947949422	21.743560160138482	1.6495550829487691e-4	2.191663339715156e-4	-0.24945259291366417
ENSG00000088448	55608	ANKRD10	4.556338281285942	4.900309599597808	4.64233111086391	3212.0669624470793	1.1026431463424793e-15	1.3682388104414327e-14	-0.10499803836874744
ENSG00000089022	8550	MAPKAPK5	3.7771918229342245	4.00833887658765	3.8349785863475807	47.06212603435644	4.730777090374256e-6	7.0673792724060156e-6	-0.08569043107312146
ENSG00000090674	57192	MCOLN1	15.213229048334611	15.988784207143434	15.407117838036815	68.52678286545677	7.45077429732146e-7	1.1777434788822807e-6	-0.07173383851848802
NA	NA	NA	NA	NA	NA	NA	NA	NA	NA
ENSG00000091140	1738	DLD	8.438350827159601	9.485725222781328	8.700194426065032	77.30755965003885	4.0694082168855867e-7	6.493320866012784e-7	-0.1687970085180419
ENSG00000092020	55012	PPP2R3C	35.95596207394765	36.09809258221011	35.99149470101326	9186.345334167365	3.8558764437379144e-18	4.378051829396932e-16	-0.005691594910443243
ENSG00000093009	8318	CDC45	2.019056350501421	2.0996252261111246	2.0391985694038466	43.72590882634863	6.740889237477567e-6	9.908621035222672e-6	-0.056450660260455754
ENSG00000097007	25	ABL1	0.1753189567277312	0.29699022710125894	0.20573677432111315	7.997785350843969	0.00742289987106366	0.008794239510546741	-0.7604334588712067
ENSG00000099622	1153	CIRBP	4.231002240977967	4.552932093299944	4.311484704058461	3965.079243833992	3.551017447092211e-16	6.1248214931326894e-15	-0.10579649198312246
ENSG00000099860	4616	GADD45B	5.352158799328187	5.743480319819408	5.449989179450991	2685.900161696772	2.8859399549059714e-15	2.6991659188633554e-14	-0.10180429590104723
ENSG00000100504	5836	PYGL	4.458480295415245	4.7851335705270035	4.540143614193185	3314.6872232226447	9.310372959882381e-16	1.2356398420146399e-14	-0.10200715503971614
ENSG00000100554	51382	ATP6V1D	2.844635631972173	3.066738293068974	2.900161297246373	4003.7218430299317	3.3704587961837096e-16	6.1248214931326894e-15	-0.10846118602574428
ENSG00000100575	26520	TIMM9	0.8538536095892496	1.0856659968781943	0.9118067064114856	47.23232246536805	4.648916278020068e-6	6.948930136060853e-6	-0.34651967815012796
ENSG00000100577	2954	GSTZ1	0.9674709998016505	0.9686323516159769	0.9677613377552321	6.687904662115832	0.012928487053509454	0.015047134772993145	-0.0017307719683241005
ENSG00000100596	9517	SPTLC2	6.669559365694138	7.282594672869461	6.8228181924879685	2258.0844681850613	7.334738205417866e-15	5.785579369406827e-14	-0.12686110057626943
ENSG00000100600	5641	LGMN	0.40508089350867005	0.4241337778394599	0.40984411459136744	7.259720962461623	0.010076012136379686	0.011827243410109916	-0.06630934426212742
NA	NA	NA	NA	NA	NA	NA	NA	NA	NA
ENSG00000100906	4792	NFKBIA	7.318869368812979	8.012515218028078	7.492280831116753	1701.5751295697994	3.354986975380067e-14	1.3443812655453668e-13	-0.13063439604091442
ENSG00000100968	4776	NFATC4	0.2322032049791729	0.3493569317196059	0.26149163666428116	8.921019323753786	0.005182085481419964	0.006230325922430625	-0.5893138804931621
ENSG00000101150	7165	TPD52L2	5.549157751589543	5.9523577358794	5.649957747662006	2401.2310566809647	5.270968870126624e-15	4.354848276829281e-14	-0.10119241828342496
ENSG00000101255	57761	TRIB3	4.318643773857506	4.649486046359709	4.4013543419830565	3677.6613990027017	5.323355473831571e-16	7.786803995404949e-15	-0.10649292988100978
NA	NA	NA	NA	NA	NA	NA	NA	NA	NA
NA	NA	NA	NA	NA	NA	NA	NA	NA	NA
ENSG00000102078	9016	SLC25A14	9.06835285580547	10.619252561562165	9.456077782244645	61.13553856043015	1.314422215129216e-6	2.0585786123861335e-6	-0.22776979177303902
NA	NA	NA	NA	NA	NA	NA	NA	NA	NA
NA	NA	NA	NA	NA	NA	NA	NA	NA	NA
ENSG00000103540	9738	CCP110	9.846288508196876	9.972023517189147	9.877722260444944	10269.676484051615	2.115498855620664e-18	2.7700213803445117e-16	-0.018306272258361567
ENSG00000103942	9455	HOMER2	0.3985768914123362	0.424145174569657	0.4049689622016664	6.640768178189006	0.01320381228351959	0.015351039357770047	-0.08970008031052146
NA	NA	NA	NA	NA	NA	NA	NA	NA	NA
NA	NA	NA	NA	NA	NA	NA	NA	NA	NA
ENSG00000104765	665	BNIP3L	5.264260051744942	5.563323485717138	5.339025910237991	2398.402662837343	5.304471827707678e-15	4.3775062581216335e-14	-0.07971623593222121
ENSG00000104823	1891	ECH1	2.936236700165415	3.1632951153318043	2.9930013039570125	4177.215054213646	2.6826048179350047e-16	6.0184402927443666e-15	-0.10745988292204922
ENSG00000104856	5971	RELB	1.5172561160781257	1.531962954199736	1.5209328256085286	272.42947018304375	5.942163383998924e-10	1.08603705195243e-9	-0.013916774403060383
ENSG00000104886	55111	PLEKHJ1	0.22788414416993572	0.2582488968259115	0.23547533233392962	27.236661947515934	6.108609530535298e-5	8.338693934871747e-5	-0.1804616386927711
ENSG00000105258	5438	POLR2I	0.2689733922264453	0.313853055278426	0.2801933079894404	31.505605148050805	3.149165190768146e-5	4.3824614458322574e-5	-0.22262578977057257
ENSG00000105379	2109	ETFB	0.356974870978146	0.3651258882321341	0.3590126252916431	318.16660263561454	2.614104467400094e-10	4.894932138861071e-10	-0.03257144244756893
ENSG00000106004	3202	HOXA5	0.08041820589092198	0.12845332045497293	0.0924269845319347	4.715180408558379	0.03379955349171352	0.038057085323560065	-0.6756501282138987
NA	NA	NA	NA	NA	NA	NA	NA	NA	NA
ENSG00000106144	835	CASP2	6.465066674522191	7.02330277845833	6.604625700506225	1709.98433583216	3.2673181124758885e-14	1.3255186575457033e-13	-0.11948438320024168
NA	NA	NA	NA	NA	NA	NA	NA	NA	NA
ENSG00000106615	6009	RHEB	1.4709140606531188	1.4852898519103455	1.4745080084674258	314.79022364407865	2.7661108518942443e-10	5.175080096568682e-10	-0.0140315396752827
ENSG00000106976	1759	DNM1	0.1379904692937511	0.15327240073645587	0.1418109521544273	71.23451573885838	6.137807150614447e-7	9.729791143079105e-7	-0.1515293123841155
ENSG00000107140	7016	TESK1	2.855918243005391	3.015925180176177	2.895919977298087	4873.144693185752	1.1705996132575683e-16	5.302100697784037e-15	-0.07864595869976987
NA	NA	NA	NA	NA	NA	NA	NA	NA	NA
ENSG00000107798	3988	LIPA	17.533761965526377	19.425810793249767	18.006774172457227	105.6534007972992	8.314793657919211e-8	1.3604022489916286e-7	-0.14783924750054833
ENSG00000108055	9126	SMC3	2.6730529906542753	3.4993331030513337	2.8796230187535397	36.45314139827063	1.598555672352124e-5	2.2709303918041045e-5	-0.38859156400861306
ENSG00000108578	642	BLMH	2.6059005900129706	2.799760332172023	2.654365525552733	4782.057682255321	1.2957200093166306e-16	5.302100697784037e-15	-0.103521284486217
ENSG00000108691	6347	CCL2	0.09974331237131284	0.12814651650379857	0.10684411340443427	8.816145217756322	0.005391604051656058	0.0064757396895724455	-0.3615022420683216
ENSG00000108821	1277	COL1A1	31.907983565455265	32.22516374218446	31.987278609637567	7377.734944764425	1.2555428069626784e-17	1.0007647756798548e-15	-0.014270249259164203
ENSG00000108828	10493	VAT1	0.3996579483254918	0.4197145799892763	0.40467210624143785	6.8076291580303305	0.012259213655593527	0.014307493033118958	-0.0706427986625131
ENSG00000108861	1845	DUSP3	3.22812166396667	3.46490476377535	3.2873174389188393	3357.0566342324005	8.695491602123488e-16	1.177105865061892e-14	-0.102120745996924
NA	NA	NA	NA	NA	NA	NA	NA	NA	NA
ENSG00000109184	23142	DCUN1D4	2.7869942798134724	2.981909418857667	2.835723064574521	4.409566171186373	0.039882870693793634	0.0445952500434433	-0.09752639231966387
NA	NA	NA	NA	NA	NA	NA	NA	NA	NA
ENSG00000109736	10227	MFSD10	4.7577245063874605	5.1178089447316335	4.847745615973503	2724.035653686033	2.6752385843425995e-15	2.5574570625983124e-14	-0.10525455481309587
ENSG00000110104	79080	CCDC86	3.2396912023049826	3.529483819433514	3.3121393565871156	3328.8328584457636	9.099519126352206e-16	1.2165539030002438e-14	-0.12360090112875577
NA	NA	NA	NA	NA	NA	NA	NA	NA	NA
ENSG00000110801	5715	PSMD9	0.2353291214651584	0.2730144288939371	0.24475044832235307	18.88178407183879	3.0074198114209334e-4	3.926237538567241e-4	-0.21429733805091344
ENSG00000110917	9761	MLEC	17.92410579138938	19.956946931841607	18.43231607650244	233.1157702469037	1.3520015835274721e-9	2.4126533585620743e-9	-0.15498988345320175
ENSG00000112033	5467	PPARD	1.019720661762461	1.5736426739967304	1.1582011648210282	12.854570328554498	0.001400226972664085	0.001751296963321035	-0.6259339860676132
NA	NA	NA	NA	NA	NA	NA	NA	NA	NA
ENSG00000112200	26036	ZNF451	2.186379889357417	2.35669889620273	2.2289596410687453	536.9368243332599	1.6170690131552128e-11	3.264204057667792e-11	-0.10822334941632383
ENSG00000112249	10973	ASCC3	0.5376045723114872	0.6077505101926083	0.5551410567817676	40.30581126452343	9.945249565574482e-6	1.4394527826370783e-5	-0.17693379111504937
ENSG00000112576	896	CCND3	12.43355646361789	12.515452495365638	12.454030471554828	6809.7146281908235	1.9326810306827593e-17	1.4202576077517353e-15	-0.009471432186244133
ENSG00000113161	3156	HMGCR	6.30448092794568	6.818581442279066	6.433006056529027	2046.7996470968715	1.2436216397618328e-14	8.63104578446977e-14	-0.11309403511402571
ENSG00000113649	10915	TCERG1	13.051314578058703	13.117778763368747	13.067930624386214	6073.57031980154	3.577983616678132e-17	2.1063306822433527e-15	-0.00732832089134261
ENSG00000113712	1452	CSNK1A1	5.555417699962476	5.963137309117314	5.657347602251185	2382.1960474599437	5.501384292472384e-15	4.519293066116573e-14	-0.10217616826075426
ENSG00000114353	2771	GNAI2	15.515188526506291	15.992997076507502	15.634640664006593	6774.953682596028	1.9866711392779492e-17	1.4451861940774443e-15	-0.04375909690392277
NA	NA	NA	NA	NA	NA	NA	NA	NA	NA
NA	NA	NA	NA	NA	NA	NA	NA	NA	NA
NA	NA	NA	NA	NA	NA	NA	NA	NA	NA
ENSG00000115514	10190	TXNDC9	3.102055637758678	3.3112250398552807	3.1543479882828276	2638.1716621982578	3.178029761775265e-15	2.8399227990748486e-14	-0.09414050109033623
ENSG00000115525	8869	ST3GAL5	3.378271950913991	3.6790115723885304	3.453456856282626	3146.114663994467	1.2328181750296495e-15	1.4578564133287124e-14	-0.12303274456364988
ENSG00000115641	2274	FHL2	1.2557830437602422	1.3869157350660792	1.2885662165867016	49.03852379454333	3.875959265403695e-6	5.842060829429805e-6	-0.14329289886761304
ENSG00000116171	6342	SCP2	4.639497629208482	4.945704462891536	4.716049337629245	3515.4699899059938	6.78531030284983e-16	9.63817416785474e-15	-0.0922074352253226
NA	NA	NA	NA	NA	NA	NA	NA	NA	NA
ENSG00000116717	1647	GADD45A	7.635621645752497	8.228485398386082	7.783837583910893	1382.0312758779842	1.0249437750867271e-13	3.562405125603079e-13	-0.1078812837229175
ENSG00000116791	1429	CRYZ	6.652421632972068	7.2137536845023424	6.792754645854637	2060.3541823182145	1.2002831012881541e-14	8.444192902419593e-14	-0.11687055269422775
ENSG00000117620	23443	SLC35A3	2.7254338799243847	2.9406020970207116	2.779225934198466	3761.852347416657	4.713005390591216e-16	7.165691869368277e-15	-0.1096256610252162
NA	NA	NA	NA	NA	NA	NA	NA	NA	NA
ENSG00000117676	6195	RPS6KA1	2.915031091732438	3.132719094373472	2.9694530923926963	4108.020030945037	2.934891558354859e-16	6.0184402927443666e-15	-0.10390414018406169
ENSG00000117682	79947	DHDDS	2.893624457820342	3.108693446524162	2.947391704996297	4130.729279364818	2.849108874074263e-16	6.0184402927443666e-15	-0.10343065984660571
NA	NA	NA	NA	NA	NA	NA	NA	NA	NA
NA	NA	NA	NA	NA	NA	NA	NA	NA	NA
ENSG00000119242	80212	CCDC92	3.090069396220572	3.2959517014656914	3.1415399725318522	2633.1244157031724	3.2109228321196724e-15	2.853639974822934e-14	-0.093055863294355
ENSG00000119285	55127	HEATR1	4.073091013403673	4.370264776870608	4.147384454270407	3992.171769024035	3.4232620118795336e-16	6.1248214931326894e-15	-0.10159663771075822
ENSG00000119326	8727	CTNNAL1	2.4031157363200033	2.4119615414922584	2.4053271876130675	534.7244181376163	1.6530805000448722e-11	3.3350270056466025e-11	-0.0053007720853650575
NA	NA	NA	NA	NA	NA	NA	NA	NA	NA
NA	NA	NA	NA	NA	NA	NA	NA	NA	NA
ENSG00000120686	51569	UFM1	9.84857851032078	9.974253032179217	9.879997140785388	10355.272723819526	2.023020855217475e-18	2.752374280439255e-16	-0.018293293601683747
ENSG00000120738	1958	EGR1	3.510634582432907	3.811415268167709	3.5858297538666073	3255.7407271384513	1.0253819875867855e-15	1.3237370698580605e-14	-0.11859496810785108
NA	NA	NA	NA	NA	NA	NA	NA	NA	NA
ENSG00000120875	1846	DUSP4	2.021387473376347	2.126382586178292	2.0476362515768334	39.547265167299344	1.0883959118864058e-5	1.569117421346977e-5	-0.07305530107295666
ENSG00000121691	847	CAT	12.161346135568808	12.27671178825436	12.190187548740198	6211.303573190534	3.171116425419994e-17	1.940849019014135e-15	-0.013621269900139676
ENSG00000121892	23244	PDS5A	3.774125223723484	5.224526264916441	4.136725484021723	14.621592648897812	8.508598792957661e-4	0.0010761519548170605	-0.4691579347452386
ENSG00000122882	11319	ECD	3.175665689095805	3.38418166945971	3.2277946841867813	2702.5605338557593	2.791555867324578e-15	2.646404761454476e-14	-0.09174797314382244
ENSG00000123268	466	ATF1	1.3487539832586481	1.3848500068559686	1.357777989157978	318.0631264179973	2.61861354696326e-10	4.902950488096129e-10	-0.03810250598148707
ENSG00000124151	8202	NCOA3	15.125296195865532	15.64040477666507	15.254073341065414	5862.327406625978	4.3291120233022306e-17	2.4356891995688722e-15	-0.048314455658995836
ENSG00000124164	9217	VAPB	5.171100351303064	5.40555299870917	5.229713513154589	40.31993835736964	9.928699087631719e-6	1.4372498746283638e-5	-0.06397091375926234
ENSG00000124422	23326	USP22	5.684411869390661	6.114002593437443	5.791809550402356	2232.7135223405826	7.794015318007727e-15	6.065911417347152e-14	-0.1051060739979075
ENSG00000125304	9375	TM9SF2	4.931550959860551	5.29807334507963	5.023181556165321	3067.655597983331	1.4121866430495355e-15	1.5946223680487597e-14	-0.10342637434430246
NA	NA	NA	NA	NA	NA	NA	NA	NA	NA
NA	NA	NA	NA	NA	NA	NA	NA	NA	NA
ENSG00000125505	79143	MBOAT7	5.286241664951002	5.696016604061723	5.388685399728681	2880.9688093305517	1.9794598944316676e-15	2.0186656661692977e-14	-0.10771097131503637
ENSG00000125538	3553	IL1B	10.421031159889282	10.482700244867901	10.436448431133936	11726.179473961267	1.035659854963081e-18	2.0527918501355382e-16	-0.008512350208240704
NA	NA	NA	NA	NA	NA	NA	NA	NA	NA
ENSG00000126768	10245	TIMM17B	11.095346113540494	11.144548912398154	11.10764681325491	17816.395154918326	1.0883815106754947e-19	5.59868631860573e-17	-0.006383550789276438
ENSG00000127452	54850	FBXL12	0.9098139469218741	1.128830032923757	0.9645679684223447	23.197530838376693	1.2451241640253682e-4	1.668066445325732e-4	-0.3111848213794198
NA	NA	NA	NA	NA	NA	NA	NA	NA	NA
ENSG00000128050	10606	PAICS	3.43281931854027	3.680089392852663	3.4946368371183687	4428.629739978461	1.9586936097788582e-16	5.694902336108486e-15	-0.10034688600020814
NA	NA	NA	NA	NA	NA	NA	NA	NA	NA
ENSG00000128656	1123	CHN1	0.8064381794154647	0.9083100466646848	0.8319061462277699	34.645603370763865	2.0279792247281714e-5	2.854178304361419e-5	-0.17162089529593333
ENSG00000129515	58533	SNX6	0.09611500384191567	0.10143660848169422	0.09744540500186032	17.912611648136178	3.745882744875392e-4	4.866494089178163e-4	-0.07774485235924544
ENSG00000130227	23039	XPO7	0.8726279200137176	1.26110227808173	0.9697465095307205	11.781420232189689	0.0019411843513090293	0.00240712207484541	-0.5312467469908889
NA	NA	NA	NA	NA	NA	NA	NA	NA	NA
ENSG00000130669	10298	PAK4	0.2274498589049286	0.23460225023868436	0.22923795673836753	149.7531238343608	1.3717861251353033e-8	2.3362320064282065e-8	-0.04466831168128449
ENSG00000130816	1786	DNMT1	3.1681791370924066	3.372499711557914	3.219259280708782	2605.568321354008	3.3977911744822435e-15	2.9841170050686534e-14	-0.09016440832769557
NA	NA	NA	NA	NA	NA	NA	NA	NA	NA
ENSG00000132002	3337	DNAJB1	7.1276829088895255	7.7766230159413565	7.2899179356524835	1801.0091523427068	2.4728886710248408e-14	1.1718964627657752e-13	-0.125710646831112
NA	NA	NA	NA	NA	NA	NA	NA	NA	NA
ENSG00000132254	23647	ARFIP2	15.1186835408691	16.39858417887075	15.438658700369512	273.25052532981874	5.848429511160267e-10	1.0693578164236424e-9	-0.11723873842086929
NA	NA	NA	NA	NA	NA	NA	NA	NA	NA
ENSG00000132680	22889	KHDC4	5.405423381406013	5.844610597339568	5.515220185389401	3009.504325068053	1.5652941053677824e-15	1.7262980677116354e-14	-0.11269928514234184
ENSG00000132740	3508	IGHMBP2	1.2357909771101037	1.3822128106061642	1.2723964354841186	48.13917941517627	4.240021984151815e-6	6.362388871204331e-6	-0.16154501046987618
ENSG00000133056	5287	PIK3C2B	4.051410633743893	4.807555184795821	4.240446771506875	18.426905653283264	3.330178860119848e-4	4.338691085623188e-4	-0.24687910015124004
NA	NA	NA	NA	NA	NA	NA	NA	NA	NA
ENSG00000134057	891	CCNB1	0.41355755602588523	0.5487869069301853	0.4473648937519602	14.860459315399524	7.981594919968607e-4	0.0010125799074922005	-0.40815793431180203
ENSG00000134107	8553	BHLHE40	1.0604210828061813	1.2734322868562504	1.1136738838186988	47.36208198795994	4.587631542679364e-6	6.859698212996585e-6	-0.26408498957114923
ENSG00000134109	9695	EDEM1	4.624321591076607	4.995780840113008	4.717186403335707	2599.0085872900618	3.4441576618541785e-15	3.0199280147873186e-14	-0.11146845749664802
ENSG00000134574	1643	DDB2	1.5691353050367567	1.7462500638026794	1.613413994728237	4.601803129638615	0.035918528122459006	0.04031481116347482	-0.15429040846288167
ENSG00000134954	2113	ETS1	9.937004774301235	10.07444574651014	9.97136501735346	10352.837861320408	2.025584404488968e-18	2.752374280439255e-16	-0.019817506649804972
ENSG00000135108	23014	FBXO21	4.705619088128958	5.034857542085201	4.78792870161802	3209.642440833983	1.107130835746199e-15	1.3691792619517246e-14	-0.09756641714564074
ENSG00000135164	9988	DMTF1	4.798816577829855	5.158395956328126	4.888711422454422	2730.366100435983	2.6420534638237585e-15	2.5324563037228172e-14	-0.10424384717277935
ENSG00000135446	1019	CDK4	8.512014692183001	9.704183168008226	8.810056811139306	75.48965438618825	4.587173465623042e-7	7.305999463677539e-7	-0.1891061408064676
ENSG00000135750	3775	KCNK1	2.802282478320832	2.88355164596363	2.8225997702315317	19.924024900964813	2.3977494192690577e-4	3.152399209110205e-4	-0.041244471067012345
NA	NA	NA	NA	NA	NA	NA	NA	NA	NA
ENSG00000136045	11137	PWP1	4.342657934188565	4.67636732175362	4.426085281079828	3690.895385584354	5.221466298185317e-16	7.649297042855588e-15	-0.10680993792982996
ENSG00000136051	23325	WASHC4	2.635181027978177	2.816126956985547	2.6804175102300194	3589.644057566427	6.064364422001281e-16	8.694133599027053e-15	-0.09581030168686167
ENSG00000136240	11014	KDELR2	1.5137870389763795	1.5276274563108931	1.5172471433100079	284.88289733669785	4.691758681796057e-10	8.650405045246953e-10	-0.013130495246109875
ENSG00000136448	4836	NMT1	4.068795348944359	4.366671078881031	4.143264281428527	4163.156271465046	2.7317139384793127e-16	6.0184402927443666e-15	-0.10193214568031772
ENSG00000136758	10730	YME1L1	6.436179450023538	6.968544277385028	6.56927065686391	2287.037074199555	6.8492523630599924e-15	5.44838355316315e-14	-0.11465275882155979
ENSG00000136827	1861	TOR1A	9.86573767569917	10.116285367531068	9.928374598657145	4866.334749729629	1.17944322307636e-16	5.302100697784037e-15	-0.03618080675604629
ENSG00000136854	6812	STXBP1	0.13082295214106313	0.23575360318923064	0.15705561490310502	13.481310328546954	0.001167229899302508	0.0014659072239975983	-0.8496641451370683
ENSG00000136869	7099	TLR4	4.352750857259108	4.689009701275015	4.436815568263085	3657.015298777053	5.487058992835365e-16	7.99379025894862e-15	-0.10735581839540398
NA	NA	NA	NA	NA	NA	NA	NA	NA	NA
ENSG00000137331	8870	IER3	3.439022033602908	3.7206691303680515	3.509433807794194	3409.6932526476535	7.997369825728641e-16	1.1082949011216633e-14	-0.11356374181851403
ENSG00000137843	56924	PAK6	9.664099114402815	9.815842710524667	9.702035013433276	14176.297865931636	3.727323558601566e-19	1.3901306570700436e-16	-0.022476880450206238
ENSG00000137845	102	ADAM10	5.376334554449412	5.775010674300223	5.476003584412114	2539.327560921568	3.902373220315478e-15	3.3683888703522136e-14	-0.10320069731378334
ENSG00000138081	80204	FBXO11	6.2925738488976135	6.802621080571034	6.420085656815968	2038.301354372542	1.2717403938630386e-14	8.771299933911259e-14	-0.11244048760201375
NA	NA	NA	NA	NA	NA	NA	NA	NA	NA
ENSG00000138778	1062	CENPE	0.1594042087221386	0.2025546844445892	0.17019182765275123	43.291912035312606	7.071090957055396e-6	1.0373526185046637e-5	-0.345621729288204
ENSG00000139318	1848	DUSP6	2.6718501618271127	2.8714506247772347	2.7217502775646434	4376.124740266216	2.0885291735838825e-16	5.694902336108486e-15	-0.10394065117771456
ENSG00000139687	5925	RB1	3.3570088332251866	3.6566717681010927	3.4319245669441627	3200.0037652661877	1.1251871434699833e-15	1.3773183135789796e-14	-0.1233547994442521
ENSG00000140307	2958	GTF2A2	0.7206389987924449	0.7270354314464633	0.7222381069559495	467.80335927581916	3.3714819494437126e-11	6.611078917928063e-11	-0.012748946211845358
ENSG00000140391	10099	TSPAN3	0.18325745796939938	0.19341371354698284	0.18579652186379525	109.01344709080898	7.081009327892279e-8	1.1619717949955391e-7	-0.07781817691228632
ENSG00000140650	5373	PMM2	1.9779017100239225	2.1806944775492285	2.0285999019052485	6.76994288594819	0.012465356137026871	0.014527673931409298	-0.14081692333092677
ENSG00000141458	4864	NPC1	3.7170270048361806	4.0185992195829146	3.792420058522864	4595.632048408118	1.604918104223529e-16	5.694902336108486e-15	-0.11254353295025066
ENSG00000141510	7157	TP53	4.913788823652818	5.279242563782363	5.005152258685204	3094.1513868742913	1.3483518827220055e-15	1.545187611018539e-14	-0.1034950972385138
ENSG00000141682	5366	PMAIP1	3.278347778454736	3.5974670780340814	3.358127603349572	1833.1961222515129	2.2484182988979834e-14	1.1075485031393282e-13	-0.13401257567586522
ENSG00000141959	5211	PFKL	4.550938128641797	4.897156502885412	4.637492722202701	3201.5647132912723	1.1222394309208756e-15	1.3768404181272207e-14	-0.10578032973027796
ENSG00000142192	351	APP	2.6331654574099232	2.830481200362637	2.6824943931481013	4752.475216201396	1.3397235267038523e-16	5.302100697784037e-15	-0.10424916420225028
ENSG00000143363	58497	PRUNE1	3.1228818947634047	3.3345706882845154	3.175804093143682	2691.6437678535335	2.852980114119114e-15	2.6806818165426732e-14	-0.09462302388873667
ENSG00000143409	55793	MINDY1	3.41464259700444	3.692056471130358	3.48399606553592	3061.571468788922	1.4273467090053237e-15	1.6036310789422788e-14	-0.11269003685578216
ENSG00000143514	7159	TP53BP2	6.115256839726167	6.603564928007412	6.237333861796478	2245.674289536245	7.555262967896208e-15	5.924699929150285e-14	-0.11083197930118915
ENSG00000144048	8446	DUSP11	5.793013324933102	6.236753039495831	5.903948253573783	2228.136660037238	7.880456216767395e-15	6.126565547436472e-14	-0.10648114931349628
NA	NA	NA	NA	NA	NA	NA	NA	NA	NA
ENSG00000145687	23635	SSBP2	4.922914061132048	5.289166792740801	5.014477244034235	3058.0311786712705	1.4362569894983564e-15	1.610387855499513e-14	-0.10352791638035574
ENSG00000145907	10146	G3BP1	3.1621311998835515	3.338104356712094	3.206124489090688	3050.5670727919214	1.4552598388309168e-15	1.624852135294158e-14	-0.07813182957264009
ENSG00000146072	27242	TNFRSF21	3.461214212210653	4.172413598323016	3.6390140587387445	59.47839838306135	1.5057869125685455e-6	2.347224115876149e-6	-0.26960394310936664
ENSG00000147383	50814	NSDHL	3.653046683364094	3.934733998851863	3.7234685122360354	4373.216611919559	2.0960139616759679e-16	5.694902336108486e-15	-0.10716591758603511
ENSG00000147669	5440	POLR2K	3.202034485311231	3.5356772625173734	3.2854451796127675	2812.8459256029796	2.2513157143263065e-15	2.213913336732811e-14	-0.14299774569118506
ENSG00000149428	10525	HYOU1	0.6191100416467495	0.6279660859292927	0.6213240527173853	554.0080537357599	1.3683790813279739e-11	2.782740027493494e-11	-0.02049078748082056
ENSG00000149782	5331	PLCB3	2.850813461940053	3.007744922484234	2.890046327076098	4786.6934120837195	1.2889807583353963e-16	5.302100697784037e-15	-0.07730857960919546
ENSG00000149948	8091	HMGA2	3.956995018070387	4.246275998230131	4.029315263110323	4314.295386086468	2.254738656260682e-16	5.694902336108486e-15	-0.1017928972374913
ENSG00000151729	291	SLC25A4	0.2157725920471895	0.30049694772136226	0.23695368096573266	11.429391362956391	0.002170414420714267	0.002682750933092954	-0.477838715052749
NA	NA	NA	NA	NA	NA	NA	NA	NA	NA
ENSG00000154001	5529	PPP2R5E	5.379407801564127	5.777770849553579	5.478998563561489	2540.5191720481166	3.8925420984965e-15	3.362589845582443e-14	-0.10306562599686897
ENSG00000154174	9868	TOMM70	2.7995383704280297	3.0157290429587738	2.853586038560715	3788.580156359095	4.536854493153036e-16	6.971460976143054e-15	-0.10731785751084644
ENSG00000155760	8324	FZD7	2.6825510910354544	2.8871232379549667	2.733694127765332	4279.791250703298	2.3543023036134116e-16	5.727945222127234e-15	-0.1060270425101073
ENSG00000156299	7074	TIAM1	1.0632515136329652	1.5765761057668866	1.1915826616664453	15.47509665856316	6.793863197153706e-4	8.682721938746278e-4	-0.5683119058835591
ENSG00000156469	51001	MTERF3	3.1355695029852524	3.3145595365709855	3.180317011381686	2391.1464504098376	5.391584635581703e-15	4.438563474423918e-14	-0.08008966828826014
NA	NA	NA	NA	NA	NA	NA	NA	NA	NA
ENSG00000158092	4690	NCK1	0.7917948169523285	0.7995599323484397	0.7937360958013563	354.45889845927263	1.474204116145324e-10	2.7941205306886334e-10	-0.01407955377973763
ENSG00000158234	55179	FAIM	0.22762853110620837	0.25802040698847756	0.23522650007677562	26.738131591481654	6.637050578998027e-5	9.043483713373635e-5	-0.18080377647508938
ENSG00000158555	81544	GDPD5	4.056295770995928	4.357698489223229	4.131646450552753	3963.731944637707	3.5575168631226854e-16	6.1248214931326894e-15	-0.10340352681419507
NA	NA	NA	NA	NA	NA	NA	NA	NA	NA
ENSG00000159352	5710	PSMD4	3.3941902328823264	3.6256275774889124	3.4520495690339734	3334.677233053766	9.014059177306656e-16	1.2111240579957109e-14	-0.09516331451152737
NA	NA	NA	NA	NA	NA	NA	NA	NA	NA
ENSG00000160917	10898	CPSF4	37.36249433237299	39.86913950931233	37.989155626607825	77.1852134243896	4.102001096541738e-7	6.543877552298918e-7	-0.09368169510660351
ENSG00000161204	55324	ABCF3	0.11988499281438951	0.29115923881745215	0.16270355431515518	5.393024254466227	0.023820941947381172	0.027124035563042596	-1.2801573241680813
ENSG00000161267	622	BDH1	0.22723694441881306	0.2346522509090425	0.2290907710413704	97.05083935726304	1.2839290858791026e-7	2.0817476848343723e-7	-0.04632689075747232
ENSG00000162066	51005	AMDHD2	2.6149385280523227	2.734972636241525	2.644947055099623	2533.331037149104	3.952295314658171e-15	3.4006109228669766e-14	-0.064749366726854607
ENSG00000162607	7398	USP1	3.9850230791344914	4.285903514726566	4.06024318803251	4389.92625869425	2.0534366924488403e-16	5.694902336108486e-15	-0.10501129252569985
ENSG00000162688	178	AGL	0.44066599594375067	0.44252310947585116	0.44113027432677576	567.0188015200915	1.2089409182599403e-11	2.479167845048305e-11	-0.006067222558483243
ENSG00000163050	56997	COQ8A	3.1718507106969693	3.376022928678091	3.22289376519225	2640.876637694049	3.160565817717199e-15	2.8368934146979677e-14	-0.08999983291976799
ENSG00000163607	29083	GTPBP8	1.6274847833092625	1.7853870580918123	1.6669603520049001	5.717899319852322	0.02029960427964277	0.023225808953115608	-0.1335928187632205
ENSG00000163902	6184	RPN1	20.384093678832134	21.307071828003533	20.614838216124983	1871.3356770962137	2.012950836724282e-14	1.0912883931474899e-13	-0.06388852825940727
ENSG00000163932	5580	PRKCD	2.97447286164809	3.199453208981849	3.03071794848153	4081.2688781458883	3.0399021745670825e-16	6.0868476813273235e-15	-0.10519135202652596
ENSG00000163956	4043	LRPAP1	10.817430276939541	10.901164564817464	10.838363848909022	11039.058001540834	1.4336666807119254e-18	2.381910700537624e-16	-0.011124443483433222
ENSG00000164167	11157	LSM6	2.8375515874465225	3.0575803393579903	2.8925587754243898	3979.926309438547	3.480319014159789e-16	6.1248214931326894e-15	-0.10774378551623398
ENSG00000164867	4846	NOS3	4.780253139173666	6.774491366316118	5.27881269595928	27.776379473063493	5.591755916793736e-5	7.649584409695983e-5	-0.5030256135443967
ENSG00000164961	9897	WASHC5	4.218219422835172	4.5390101360626085	4.2984171011420305	3924.181889526505	3.754745670646069e-16	6.178315324775958e-15	-0.10574356693918396
ENSG00000165169	6990	DYNLT3	0.2925133034613146	0.31942698126756985	0.29924172291287837	355.85507816471437	1.443764059686497e-10	2.7388289147007437e-10	-0.12698393930831053
ENSG00000165304	9833	MELK	2.9484262883036045	3.159469651293192	3.0011871290510013	3413.840044330773	7.945249869392333e-16	1.104921333747123e-14	-0.09973728114989333
NA	NA	NA	NA	NA	NA	NA	NA	NA	NA
ENSG00000165912	29763	PACSIN3	3.2364942046677725	3.467508322483541	3.2942477341217145	2808.3795477977465	2.270637375366045e-15	2.2268325235943442e-14	-0.09946742465718827
NA	NA	NA	NA	NA	NA	NA	NA	NA	NA
NA	NA	NA	NA	NA	NA	NA	NA	NA	NA
ENSG00000166619	10904	BLCAP	3.1989059187496216	3.406968783124648	3.250921634843378	2586.9176741202514	3.531601465172208e-15	3.0853315671267914e-14	-0.09091016580701106
ENSG00000166851	5347	PLK1	4.618476733639386	5.121428100395991	4.744214575328536	612.4944253719366	8.007879066416742e-12	1.6762932586952207e-11	-0.14912905876710036
ENSG00000166949	4088	SMAD3	3.394441469078323	3.6978059717572003	3.470282594748042	3143.6982977539506	1.2379236557935384e-15	1.4611384967328042e-14	-0.12349531790819634
ENSG00000167183	79170	PRR15L	1.226234204424591	1.345332663493422	1.2560088191917986	48.80631780793576	3.966284739836785e-6	5.972787468054209e-6	-0.13372840272987863
ENSG00000167193	1398	CRK	3.4723773459550533	3.7661432611653636	3.545818824757631	3216.8861121500063	1.0937869711308565e-15	1.3658167366063897e-14	-0.11716414489787907
NA	NA	NA	NA	NA	NA	NA	NA	NA	NA
ENSG00000168118	5867	RAB4A	3.0346326088885687	3.246594725329799	3.087623137998876	2984.492673253857	1.6371538597901418e-15	1.783696880522744e-14	-0.09740543763957787
ENSG00000168268	64943	NT5DC2	33.365721174567234	33.518242105562265	33.403851407316	5888.66066613367	4.2259163399468065e-17	2.390076505878292e-15	-0.00657980063988628
ENSG00000168461	11031	RAB31	3.687364511500464	3.9762064206661787	3.759574988791893	4399.455674803545	2.0296143677727464e-16	5.694902336108486e-15	-0.10880261491557364
ENSG00000168610	6774	STAT3	1.424545246532358	1.5262314725522903	1.4499668030373412	175.0068831301794	6.086764816006667e-9	1.0580461328330841e-8	-0.09947233655145393
ENSG00000168938	5480	PPIC	0.1348154221224604	0.136435192377648	0.13522036468625728	95.38922892249676	1.402193488363928e-7	2.270263063257094e-7	-0.0172302820075938
NA	NA	NA	NA	NA	NA	NA	NA	NA	NA
ENSG00000169598	1677	DFFB	4.691233242004313	5.069843666948929	4.785885848240467	2408.3889923087972	5.187296124105444e-15	4.308786342225994e-14	-0.11197402961993186
ENSG00000170348	10972	TMED10	6.519180901986327	7.081510010029732	6.659763178997178	1938.1340224101364	1.667224152148532e-14	1.0262215899478358e-13	-0.11936631356427263
ENSG00000171174	64080	RBKS	0.09009371098186388	0.10190832438723788	0.09304736433320737	14.498530672080502	8.796172063382585e-4	0.001111287628965445	-0.1777735960307898
ENSG00000171302	124583	CANT1	4.229748420826624	4.55147082698131	4.310179022365295	3968.5446739394524	3.534364664515221e-16	6.1248214931326894e-15	-0.10576097710795906
ENSG00000172379	9915	ARNT2	18.156271449373804	21.968109116049547	19.10923086604274	84.69140902509764	2.566862839589331e-7	4.126270212003534e-7	-0.2749427336286594
ENSG00000173473	6599	SMARCC1	13.446946735700324	13.573027031369833	13.478466809617702	3857.547640328867	4.117183266088897e-16	6.503731899311164e-15	-0.01346387224925083
ENSG00000173848	10276	NET1	0.8618103992259063	0.9460557214462931	0.882871729781003	43.41977276921307	6.971855497794429e-6	1.0234894206009962e-5	-0.13455465176836462
ENSG00000175602	11007	CCDC85B	6.380116726686116	6.909302297839186	6.512413119474383	1921.3943568903765	1.7467698634767856e-14	1.0529427067616516e-13	-0.11495721556173955
NA	NA	NA	NA	NA	NA	NA	NA	NA	NA
ENSG00000175793	2810	SFN	1.6970004692546456	1.869088432411639	1.7400224600438938	44.315995789366326	6.32077966677378e-6	9.324714557913794e-6	-0.13934786529164345
ENSG00000176014	84617	TUBB6	0.14310858206418756	0.17205648370262658	0.15034555747379733	13.436798714043064	0.0011821778159078122	0.0014841624564290944	-0.2657720675066124
NA	NA	NA	NA	NA	NA	NA	NA	NA	NA
ENSG00000177370	29928	TIMM22	6.998637958440746	7.625096803572134	7.155252669723593	1766.1569713180684	2.7465835737342912e-14	1.2247729346492332e-13	-0.1236814743111303
ENSG00000178896	54512	EXOSC4	3.4022055669922486	4.083695115515503	3.572577954123062	24.054347953385612	1.0619525679154858e-4	1.429144464296379e-4	-0.2634048464059282
ENSG00000179950	22827	PUF60	7.012065932347874	7.6440031815511125	7.170050244648684	1752.9276855920639	2.859779639720858e-14	1.2388407326677387e-13	-0.12448881739828233
ENSG00000180530	8204	NRIP1	4.3847713307476575	4.658894863964469	4.4533022140518606	1985.1582488515664	1.4657211172676523e-14	9.633983796339405e-14	-0.08748616694252087
ENSG00000181915	84890	ADO	1.0753474515097479	2.167860380937681	1.3484756838667311	28.738010679258185	4.7936176514273856e-5	6.588594017373158e-5	-1.0114689652718976
NA	NA	NA	NA	NA	NA	NA	NA	NA	NA
ENSG00000183010	5831	PYCR1	0.2330765591634455	0.3498488869831337	0.2622696411183676	7.770355345935854	0.008140900769744771	0.009614834151333067	-0.5859279839404383
ENSG00000183726	23585	TMEM50A	3.8789812968678192	4.152656219582473	3.947400027546483	4569.757459792621	1.6544334042205163e-16	5.694902336108486e-15	-0.09835662253411237
ENSG00000183943	5613	PRKX	0.8305547338000036	0.8997914659891298	0.8478639168472848	50.38980385870137	3.3961943779371297e-6	5.140449736256948e-6	-0.11551543849313631
ENSG00000186918	55893	ZNF395	2.7373965357843524	2.9509080864177486	2.790774423442701	3910.5590682844986	3.8256632912981956e-16	6.233292263084278e-15	-0.10835454822972546
ENSG00000187446	11261	CHP1	7.025257295964994	7.645656060665042	7.180356987140006	1790.9772603453341	2.5482143679194947e-14	1.1895481747834104e-13	-0.1220892379222911
ENSG00000187498	1282	COL4A1	2.947203532875058	3.156358423475402	2.9994922555251433	3331.828229123995	9.055599593113632e-16	1.2136862854169976e-14	-0.09891434541747479
ENSG00000188021	29978	UBQLN2	3.1582944070397154	3.3640506808180746	3.2097334754843048	2668.0028788401996	2.9915780168984363e-15	2.744502889812769e-14	-0.09105377924378355
ENSG00000188042	10123	ARL4C	0.6168839138479209	0.9593691947307349	0.7025052340686244	4.48806733738253	0.03820431939139741	0.04276927926064257	-0.6370870890875062
ENSG00000196455	30849	PIK3R4	3.909660719853804	3.9394762314231633	3.917114597746143	78.40923555099667	3.789340901651413e-7	6.055144179424619e-7	-0.010960414588239598
NA	NA	NA	NA	NA	NA	NA	NA	NA	NA
NA	NA	NA	NA	NA	NA	NA	NA	NA	NA
ENSG00000197226	23061	TBC1D9B	3.959729897070241	4.247517825184296	4.031676879098755	4361.340818130889	2.126911255669804e-16	5.694902336108486e-15	-0.10121797797474796
ENSG00000197265	2961	GTF2E2	7.122560139581975	7.768400294356089	7.284020178275502	1724.5079570973653	3.122214861883075e-14	1.2857951035028054e-13	-0.12522164460148
ENSG00000197324	26020	LRP10	4.081293712672291	4.38200972765082	4.156472716416923	3973.601548914982	3.510230174700458e-16	6.1248214931326894e-15	-0.10256614826087773
NA	NA	NA	NA	NA	NA	NA	NA	NA	NA
ENSG00000198380	2673	GFPT1	4.828836483150549	5.110457023129792	4.89924161814536	6081.967512126606	3.5514706879731366e-17	2.0964350878049077e-15	-0.08177670476132226
NA	NA	NA	NA	NA	NA	NA	NA	NA	NA
ENSG00000198642	55958	KLHL9	43.72277234407875	48.864706812101105	45.00825596108434	151.3286357732182	1.2991010286824249e-8	2.2147145683487564e-8	-0.16040795416830633
ENSG00000198805	4860	PNP	6.897838027587713	7.423623672838558	7.029284438900422	1618.588749151225	4.3884452818962416e-14	1.6792837462870758e-13	-0.10597932512649111
ENSG00000198815	22887	FOXJ3	9.566374500100023	9.633786422086358	9.583227480596607	4574.547136139829	1.6451324405836183e-16	5.694902336108486e-15	-0.010130669796938996
ENSG00000198833	51465	UBE2J1	28.962823162019504	29.230328422845236	29.02969947722594	39405.81902371172	1.5125298479748437e-21	3.4603455074612465e-18	-0.013263802392065038
ENSG00000198920	9851	KIAA0753	4.965670588186262	5.331221428579136	5.057058298284479	2989.5570677391315	1.622292954303329e-15	1.7737671699252745e-14	-0.10247754523866526
ENSG00000198954	26128	KIFBP	4.138519207174598	4.860937612125566	4.31912380841234	22.417386555803365	1.4453135928366908e-4	1.9284832122799347e-4	-0.23211996484259734
ENSG00000204209	1616	DAXX	0.09795866499977073	0.10130702830626813	0.09879575582639508	14.655089137472402	8.432262964456317e-4	0.0010669968451861235	-0.04848924863500326
ENSG00000204287	3122	HLA-DRA	3.6622550277257013	3.9450062615203	3.732942836174351	4332.960645462244	2.202961865026695e-16	5.694902336108486e-15	-0.10729533078710585
ENSG00000204351	6499	SKIV2L	4.707054763887588	5.083614493517085	4.801194696294963	2492.214301283071	4.315763732711706e-15	3.6622967574719723e-14	-0.11102999233069344
ENSG00000204977	10206	TRIM13	0.2468425452242279	0.27357455224732263	0.2535255469800016	28.606886321278907	4.894087804519944e-5	6.720699613338421e-5	-0.14834296219315868
NA	NA	NA	NA	NA	NA	NA	NA	NA	NA
ENSG00000206053	90861	JPT2	4.025360750117756	4.358342201689411	4.10860611301067	3826.248105582503	4.301671021416359e-16	6.705454719891806e-15	-0.11466139385919849
NA	NA	NA	NA	NA	NA	NA	NA	NA	NA
ENSG00000213281	4893	NRAS	15.001756472183146	15.436560600064585	15.110457504153505	6559.7426246509585	2.3637542706398343e-17	1.561740398078704e-15	-0.04121991566580263
ENSG00000213366	2946	GSTM2	4.653867209979114	5.120327806983218	4.77048235923014	890.2398655715467	1.0835609626078875e-12	2.6300791593240545e-12	-0.1378061289996393
NA	NA	NA	NA	NA	NA	NA	NA	NA	NA
ENSG00000214706	7866	IFRD2	2.1022932852900893	3.8055724413216683	2.528113074297984	12.012437321997261	0.0018063084929795339	0.0022436067029333578	-0.8561495330865962
ENSG00000245848	1050	CEBPA	3.6258163823861707	3.907511383063443	3.696240132555488	4438.121467245179	1.9362558913770887e-16	5.694902336108486e-15	-0.10794420962055828
ENSG00000253293	3206	HOXA10	0.8055238287700707	1.1902071457902377	0.9016946580251124	12.403492907788646	0.001602454331250712	0.0019965989519418474	-0.5632135125648876
ENSG00000259956	29890	RBM15B	0.19925653680206148	1.76874525642718	0.591628716708341	4.796603681608744	0.03236892252030766	0.0365166608036785	-3.150027319705177
ENSG00000262814	6182	MRPL12	5.143450107746535	5.544104224834673	5.243613637018569	2763.2668893031423	2.47724136908767e-15	2.3946666567847474e-14	-0.10821796857162091
ENSG00000276023	11072	DUSP14	4.638220365382305	4.953765168112755	4.717106566064918	3143.2021233272867	1.2389751103978231e-15	1.4611384967328042e-14	-0.09495411448767088
